[START] MenuResources
{"fixture":"dxui-menu-resources-v2","mode":"plain","cycle":0,"phase":"before","privateBytes":2138112,"workingSetBytes":10768384,"handles":139,"gdi":0,"user":4}
{"fixture":"dxui-menu-resources-v2","mode":"plain","cycle":0,"phase":"rendered","privateBytes":69238784,"workingSetBytes":53645312,"handles":638,"gdi":4,"user":7}
{"fixture":"dxui-menu-resources-v2","mode":"plain","widthPx":476,"heightPx":322,"captureBytes":613088}
{"fixture":"dxui-menu-resources-v2","mode":"plain","cycle":0,"phase":"open","privateBytes":70918144,"workingSetBytes":55062528,"handles":640,"gdi":4,"user":8}
{"fixture":"dxui-menu-resources-v2","mode":"plain","cycle":0,"phase":"closed","privateBytes":70713344,"workingSetBytes":55652352,"handles":638,"gdi":4,"user":7}
{"fixture":"dxui-menu-resources-v2","mode":"plain","cycle":1,"phase":"before","privateBytes":70713344,"workingSetBytes":55656448,"handles":638,"gdi":4,"user":7}
{"fixture":"dxui-menu-resources-v2","mode":"plain","cycle":1,"phase":"rendered","privateBytes":71471104,"workingSetBytes":56430592,"handles":644,"gdi":4,"user":8}
{"fixture":"dxui-menu-resources-v2","mode":"plain","cycle":1,"phase":"open","privateBytes":72093696,"workingSetBytes":56762368,"handles":644,"gdi":4,"user":8}
{"fixture":"dxui-menu-resources-v2","mode":"plain","cycle":1,"phase":"closed","privateBytes":70971392,"workingSetBytes":55951360,"handles":638,"gdi":4,"user":7}
{"fixture":"dxui-menu-resources-v2","mode":"plain","cycle":2,"phase":"before","privateBytes":70971392,"workingSetBytes":55951360,"handles":638,"gdi":4,"user":7}
{"fixture":"dxui-menu-resources-v2","mode":"plain","cycle":2,"phase":"rendered","privateBytes":72196096,"workingSetBytes":56586240,"handles":644,"gdi":4,"user":8}
{"fixture":"dxui-menu-resources-v2","mode":"plain","cycle":2,"phase":"open","privateBytes":72196096,"workingSetBytes":56963072,"handles":644,"gdi":4,"user":8}
{"fixture":"dxui-menu-resources-v2","mode":"plain","cycle":2,"phase":"closed","privateBytes":71995392,"workingSetBytes":56782848,"handles":638,"gdi":4,"user":7}
{"fixture":"dxui-menu-resources-v2","mode":"plain","cycle":3,"phase":"before","privateBytes":71995392,"workingSetBytes":56782848,"handles":638,"gdi":4,"user":7}
{"fixture":"dxui-menu-resources-v2","mode":"plain","cycle":3,"phase":"rendered","privateBytes":72241152,"workingSetBytes":56778752,"handles":644,"gdi":4,"user":8}
{"fixture":"dxui-menu-resources-v2","mode":"plain","cycle":3,"phase":"open","privateBytes":72269824,"workingSetBytes":57143296,"handles":645,"gdi":4,"user":8}
{"fixture":"dxui-menu-resources-v2","mode":"plain","cycle":3,"phase":"closed","privateBytes":72073216,"workingSetBytes":56971264,"handles":643,"gdi":4,"user":8}
{"fixture":"dxui-menu-resources-v2","mode":"plain","cycle":4,"phase":"before","privateBytes":72073216,"workingSetBytes":56971264,"handles":643,"gdi":4,"user":8}
{"fixture":"dxui-menu-resources-v2","mode":"plain","cycle":4,"phase":"rendered","privateBytes":72298496,"workingSetBytes":57176064,"handles":649,"gdi":4,"user":9}
{"fixture":"dxui-menu-resources-v2","mode":"plain","cycle":4,"phase":"open","privateBytes":72429568,"workingSetBytes":57344000,"handles":649,"gdi":4,"user":9}
{"fixture":"dxui-menu-resources-v2","mode":"plain","cycle":4,"phase":"closed","privateBytes":72237056,"workingSetBytes":57176064,"handles":643,"gdi":4,"user":8}
{"fixture":"dxui-menu-resources-v2","mode":"plain","cycle":5,"phase":"before","privateBytes":72237056,"workingSetBytes":57176064,"handles":643,"gdi":4,"user":8}
{"fixture":"dxui-menu-resources-v2","mode":"plain","cycle":5,"phase":"rendered","privateBytes":72441856,"workingSetBytes":57356288,"handles":649,"gdi":4,"user":9}
{"fixture":"dxui-menu-resources-v2","mode":"plain","cycle":5,"phase":"open","privateBytes":72441856,"workingSetBytes":57393152,"handles":649,"gdi":4,"user":9}
{"fixture":"dxui-menu-resources-v2","mode":"plain","cycle":5,"phase":"closed","privateBytes":72249344,"workingSetBytes":57225216,"handles":643,"gdi":4,"user":8}
{"fixture":"dxui-menu-resources-v2","mode":"plain","cycle":6,"phase":"before","privateBytes":72249344,"workingSetBytes":57225216,"handles":643,"gdi":4,"user":8}
{"fixture":"dxui-menu-resources-v2","mode":"plain","cycle":6,"phase":"rendered","privateBytes":72691712,"workingSetBytes":57638912,"handles":649,"gdi":4,"user":9}
{"fixture":"dxui-menu-resources-v2","mode":"plain","cycle":6,"phase":"open","privateBytes":73306112,"workingSetBytes":57753600,"handles":649,"gdi":4,"user":9}
{"fixture":"dxui-menu-resources-v2","mode":"plain","cycle":6,"phase":"closed","privateBytes":71979008,"workingSetBytes":56967168,"handles":645,"gdi":4,"user":8}
{"fixture":"dxui-menu-resources-v2","mode":"plain","cycle":7,"phase":"before","privateBytes":71979008,"workingSetBytes":56967168,"handles":643,"gdi":4,"user":8}
{"fixture":"dxui-menu-resources-v2","mode":"plain","cycle":7,"phase":"rendered","privateBytes":72654848,"workingSetBytes":57585664,"handles":649,"gdi":4,"user":9}
{"fixture":"dxui-menu-resources-v2","mode":"plain","cycle":7,"phase":"open","privateBytes":73269248,"workingSetBytes":58204160,"handles":649,"gdi":4,"user":9}
{"fixture":"dxui-menu-resources-v2","mode":"plain","cycle":7,"phase":"closed","privateBytes":73089024,"workingSetBytes":58044416,"handles":644,"gdi":4,"user":8}
{"fixture":"dxui-menu-resources-v2","mode":"plain","cycle":8,"phase":"before","privateBytes":73089024,"workingSetBytes":58044416,"handles":643,"gdi":4,"user":8}
{"fixture":"dxui-menu-resources-v2","mode":"plain","cycle":8,"phase":"rendered","privateBytes":73302016,"workingSetBytes":58241024,"handles":649,"gdi":4,"user":9}
{"fixture":"dxui-menu-resources-v2","mode":"plain","cycle":8,"phase":"open","privateBytes":73302016,"workingSetBytes":58241024,"handles":649,"gdi":4,"user":9}
{"fixture":"dxui-menu-resources-v2","mode":"plain","cycle":8,"phase":"closed","privateBytes":73109504,"workingSetBytes":58068992,"handles":644,"gdi":4,"user":8}
{"fixture":"dxui-menu-resources-v2","mode":"plain","cycle":9,"phase":"before","privateBytes":73109504,"workingSetBytes":58068992,"handles":644,"gdi":4,"user":8}
{"fixture":"dxui-menu-resources-v2","mode":"plain","cycle":9,"phase":"rendered","privateBytes":73318400,"workingSetBytes":58257408,"handles":649,"gdi":4,"user":9}
{"fixture":"dxui-menu-resources-v2","mode":"plain","cycle":9,"phase":"open","privateBytes":73318400,"workingSetBytes":58257408,"handles":649,"gdi":4,"user":9}
{"fixture":"dxui-menu-resources-v2","mode":"plain","cycle":9,"phase":"closed","privateBytes":73125888,"workingSetBytes":58089472,"handles":643,"gdi":4,"user":8}
{"fixture":"dxui-menu-resources-v2","mode":"plain","cycle":10,"phase":"before","privateBytes":73125888,"workingSetBytes":58089472,"handles":643,"gdi":4,"user":8}
{"fixture":"dxui-menu-resources-v2","mode":"plain","cycle":10,"phase":"rendered","privateBytes":73330688,"workingSetBytes":58269696,"handles":649,"gdi":4,"user":9}
{"fixture":"dxui-menu-resources-v2","mode":"plain","cycle":10,"phase":"open","privateBytes":73330688,"workingSetBytes":58269696,"handles":649,"gdi":4,"user":9}
{"fixture":"dxui-menu-resources-v2","mode":"plain","cycle":10,"phase":"closed","privateBytes":73121792,"workingSetBytes":58085376,"handles":643,"gdi":4,"user":8}
{"fixture":"dxui-menu-resources-v2","mode":"plain","cycle":11,"phase":"before","privateBytes":73121792,"workingSetBytes":58085376,"handles":643,"gdi":4,"user":8}
{"fixture":"dxui-menu-resources-v2","mode":"plain","cycle":11,"phase":"rendered","privateBytes":73474048,"workingSetBytes":58368000,"handles":649,"gdi":4,"user":9}
{"fixture":"dxui-menu-resources-v2","mode":"plain","cycle":11,"phase":"open","privateBytes":73474048,"workingSetBytes":58376192,"handles":649,"gdi":4,"user":9}
{"fixture":"dxui-menu-resources-v2","mode":"plain","cycle":11,"phase":"closed","privateBytes":73322496,"workingSetBytes":58212352,"handles":643,"gdi":4,"user":8}
{"fixture":"dxui-menu-resources-v2","mode":"plain","cycle":12,"phase":"before","privateBytes":73322496,"workingSetBytes":58212352,"handles":643,"gdi":4,"user":8}
{"fixture":"dxui-menu-resources-v2","mode":"plain","cycle":12,"phase":"rendered","privateBytes":73474048,"workingSetBytes":58388480,"handles":649,"gdi":4,"user":9}
{"fixture":"dxui-menu-resources-v2","mode":"plain","cycle":12,"phase":"open","privateBytes":73474048,"workingSetBytes":58388480,"handles":649,"gdi":4,"user":9}
{"fixture":"dxui-menu-resources-v2","mode":"plain","cycle":12,"phase":"closed","privateBytes":73277440,"workingSetBytes":58220544,"handles":644,"gdi":4,"user":8}
{"fixture":"dxui-menu-resources-v2","mode":"plain","cycle":13,"phase":"before","privateBytes":73277440,"workingSetBytes":58220544,"handles":643,"gdi":4,"user":8}
{"fixture":"dxui-menu-resources-v2","mode":"plain","cycle":13,"phase":"rendered","privateBytes":73474048,"workingSetBytes":58396672,"handles":649,"gdi":4,"user":9}
{"fixture":"dxui-menu-resources-v2","mode":"plain","cycle":13,"phase":"open","privateBytes":73474048,"workingSetBytes":58396672,"handles":649,"gdi":4,"user":9}
{"fixture":"dxui-menu-resources-v2","mode":"plain","cycle":13,"phase":"closed","privateBytes":73289728,"workingSetBytes":58236928,"handles":644,"gdi":4,"user":8}
{"fixture":"dxui-menu-resources-v2","mode":"plain","cycle":14,"phase":"before","privateBytes":73289728,"workingSetBytes":58236928,"handles":643,"gdi":4,"user":8}
{"fixture":"dxui-menu-resources-v2","mode":"plain","cycle":14,"phase":"rendered","privateBytes":73474048,"workingSetBytes":58400768,"handles":649,"gdi":4,"user":9}
{"fixture":"dxui-menu-resources-v2","mode":"plain","cycle":14,"phase":"open","privateBytes":73474048,"workingSetBytes":58400768,"handles":649,"gdi":4,"user":9}
{"fixture":"dxui-menu-resources-v2","mode":"plain","cycle":14,"phase":"closed","privateBytes":73285632,"workingSetBytes":58236928,"handles":643,"gdi":4,"user":8}
{"fixture":"dxui-menu-resources-v2","mode":"plain","cycle":15,"phase":"before","privateBytes":73285632,"workingSetBytes":58236928,"handles":643,"gdi":4,"user":8}
{"fixture":"dxui-menu-resources-v2","mode":"plain","cycle":15,"phase":"rendered","privateBytes":73474048,"workingSetBytes":58404864,"handles":649,"gdi":4,"user":9}
{"fixture":"dxui-menu-resources-v2","mode":"plain","cycle":15,"phase":"open","privateBytes":73474048,"workingSetBytes":58404864,"handles":649,"gdi":4,"user":9}
{"fixture":"dxui-menu-resources-v2","mode":"plain","cycle":15,"phase":"closed","privateBytes":73285632,"workingSetBytes":58241024,"handles":643,"gdi":4,"user":8}
{"fixture":"dxui-menu-resources-v2","mode":"plain","cycle":16,"phase":"before","privateBytes":73285632,"workingSetBytes":58241024,"handles":643,"gdi":4,"user":8}
{"fixture":"dxui-menu-resources-v2","mode":"plain","cycle":16,"phase":"rendered","privateBytes":73474048,"workingSetBytes":58404864,"handles":649,"gdi":4,"user":9}
{"fixture":"dxui-menu-resources-v2","mode":"plain","cycle":16,"phase":"open","privateBytes":73474048,"workingSetBytes":58404864,"handles":649,"gdi":4,"user":9}
{"fixture":"dxui-menu-resources-v2","mode":"plain","cycle":16,"phase":"closed","privateBytes":73293824,"workingSetBytes":58249216,"handles":644,"gdi":4,"user":8}
{"fixture":"dxui-menu-resources-v2","mode":"plain","cycle":17,"phase":"before","privateBytes":73293824,"workingSetBytes":58249216,"handles":643,"gdi":4,"user":8}
{"fixture":"dxui-menu-resources-v2","mode":"plain","cycle":17,"phase":"rendered","privateBytes":73474048,"workingSetBytes":58404864,"handles":649,"gdi":4,"user":9}
{"fixture":"dxui-menu-resources-v2","mode":"plain","cycle":17,"phase":"open","privateBytes":73474048,"workingSetBytes":58404864,"handles":649,"gdi":4,"user":9}
{"fixture":"dxui-menu-resources-v2","mode":"plain","cycle":17,"phase":"closed","privateBytes":73293824,"workingSetBytes":58249216,"handles":643,"gdi":4,"user":8}
{"fixture":"dxui-menu-resources-v2","mode":"plain","cycle":18,"phase":"before","privateBytes":73293824,"workingSetBytes":58249216,"handles":643,"gdi":4,"user":8}
{"fixture":"dxui-menu-resources-v2","mode":"plain","cycle":18,"phase":"rendered","privateBytes":73474048,"workingSetBytes":58404864,"handles":649,"gdi":4,"user":9}
{"fixture":"dxui-menu-resources-v2","mode":"plain","cycle":18,"phase":"open","privateBytes":74088448,"workingSetBytes":58445824,"handles":649,"gdi":4,"user":9}
{"fixture":"dxui-menu-resources-v2","mode":"plain","cycle":18,"phase":"closed","privateBytes":72712192,"workingSetBytes":57667584,"handles":643,"gdi":4,"user":8}
{"fixture":"dxui-menu-resources-v2","mode":"plain","cycle":19,"phase":"before","privateBytes":72712192,"workingSetBytes":57667584,"handles":643,"gdi":4,"user":8}
{"fixture":"dxui-menu-resources-v2","mode":"plain","cycle":19,"phase":"rendered","privateBytes":73900032,"workingSetBytes":58785792,"handles":649,"gdi":4,"user":9}
{"fixture":"dxui-menu-resources-v2","mode":"plain","cycle":19,"phase":"open","privateBytes":73900032,"workingSetBytes":58785792,"handles":649,"gdi":4,"user":9}
{"fixture":"dxui-menu-resources-v2","mode":"plain","cycle":19,"phase":"closed","privateBytes":73707520,"workingSetBytes":58617856,"handles":643,"gdi":4,"user":8}
{"fixture":"dxui-menu-resources-v2","mode":"plain","cycle":20,"phase":"before","privateBytes":73707520,"workingSetBytes":58617856,"handles":643,"gdi":4,"user":8}
{"fixture":"dxui-menu-resources-v2","mode":"plain","cycle":20,"phase":"rendered","privateBytes":73904128,"workingSetBytes":58789888,"handles":649,"gdi":4,"user":9}
{"fixture":"dxui-menu-resources-v2","mode":"plain","cycle":20,"phase":"open","privateBytes":73904128,"workingSetBytes":58789888,"handles":649,"gdi":4,"user":9}
{"fixture":"dxui-menu-resources-v2","mode":"plain","cycle":20,"phase":"closed","privateBytes":73723904,"workingSetBytes":58634240,"handles":643,"gdi":4,"user":8}
{"fixture":"dxui-menu-resources-v2","mode":"plain","cycle":21,"phase":"before","privateBytes":73723904,"workingSetBytes":58634240,"handles":643,"gdi":4,"user":8}
{"fixture":"dxui-menu-resources-v2","mode":"plain","cycle":21,"phase":"rendered","privateBytes":73904128,"workingSetBytes":58789888,"handles":649,"gdi":4,"user":9}
{"fixture":"dxui-menu-resources-v2","mode":"plain","cycle":21,"phase":"open","privateBytes":73904128,"workingSetBytes":58789888,"handles":649,"gdi":4,"user":9}
{"fixture":"dxui-menu-resources-v2","mode":"plain","cycle":21,"phase":"closed","privateBytes":73711616,"workingSetBytes":58626048,"handles":644,"gdi":4,"user":8}
{"fixture":"dxui-menu-resources-v2","mode":"plain","cycle":22,"phase":"before","privateBytes":73711616,"workingSetBytes":58626048,"handles":644,"gdi":4,"user":8}
{"fixture":"dxui-menu-resources-v2","mode":"plain","cycle":22,"phase":"rendered","privateBytes":73904128,"workingSetBytes":58793984,"handles":649,"gdi":4,"user":9}
{"fixture":"dxui-menu-resources-v2","mode":"plain","cycle":22,"phase":"open","privateBytes":73904128,"workingSetBytes":58793984,"handles":649,"gdi":4,"user":9}
{"fixture":"dxui-menu-resources-v2","mode":"plain","cycle":22,"phase":"closed","privateBytes":73719808,"workingSetBytes":58634240,"handles":643,"gdi":4,"user":8}
{"fixture":"dxui-menu-resources-v2","mode":"plain","cycle":23,"phase":"before","privateBytes":73719808,"workingSetBytes":58634240,"handles":643,"gdi":4,"user":8}
{"fixture":"dxui-menu-resources-v2","mode":"plain","cycle":23,"phase":"rendered","privateBytes":73904128,"workingSetBytes":58793984,"handles":649,"gdi":4,"user":9}
{"fixture":"dxui-menu-resources-v2","mode":"plain","cycle":23,"phase":"open","privateBytes":73904128,"workingSetBytes":58793984,"handles":649,"gdi":4,"user":9}
{"fixture":"dxui-menu-resources-v2","mode":"plain","cycle":23,"phase":"closed","privateBytes":73699328,"workingSetBytes":58613760,"handles":643,"gdi":4,"user":8}
{"fixture":"dxui-menu-resources-v2","mode":"plain","cycle":24,"phase":"before","privateBytes":73699328,"workingSetBytes":58613760,"handles":643,"gdi":4,"user":8}
{"fixture":"dxui-menu-resources-v2","mode":"plain","cycle":24,"phase":"rendered","privateBytes":73904128,"workingSetBytes":58793984,"handles":649,"gdi":4,"user":9}
{"fixture":"dxui-menu-resources-v2","mode":"plain","cycle":24,"phase":"open","privateBytes":73904128,"workingSetBytes":58793984,"handles":649,"gdi":4,"user":9}
{"fixture":"dxui-menu-resources-v2","mode":"plain","cycle":24,"phase":"closed","privateBytes":73715712,"workingSetBytes":58630144,"handles":644,"gdi":4,"user":8}
{"fixture":"dxui-menu-resources-v2","mode":"plain","cycle":25,"phase":"before","privateBytes":73715712,"workingSetBytes":58630144,"handles":643,"gdi":4,"user":8}
{"fixture":"dxui-menu-resources-v2","mode":"plain","cycle":25,"phase":"rendered","privateBytes":73908224,"workingSetBytes":58798080,"handles":649,"gdi":4,"user":9}
{"fixture":"dxui-menu-resources-v2","mode":"plain","cycle":25,"phase":"open","privateBytes":73908224,"workingSetBytes":58798080,"handles":649,"gdi":4,"user":9}
{"fixture":"dxui-menu-resources-v2","mode":"plain","cycle":25,"phase":"closed","privateBytes":73719808,"workingSetBytes":58634240,"handles":643,"gdi":4,"user":8}
{"fixture":"dxui-menu-resources-v2","mode":"plain","cycle":26,"phase":"before","privateBytes":73719808,"workingSetBytes":58634240,"handles":643,"gdi":4,"user":8}
{"fixture":"dxui-menu-resources-v2","mode":"plain","cycle":26,"phase":"rendered","privateBytes":73908224,"workingSetBytes":58798080,"handles":649,"gdi":4,"user":9}
{"fixture":"dxui-menu-resources-v2","mode":"plain","cycle":26,"phase":"open","privateBytes":73908224,"workingSetBytes":58798080,"handles":649,"gdi":4,"user":9}
{"fixture":"dxui-menu-resources-v2","mode":"plain","cycle":26,"phase":"closed","privateBytes":73711616,"workingSetBytes":58626048,"handles":644,"gdi":4,"user":8}
{"fixture":"dxui-menu-resources-v2","mode":"plain","cycle":27,"phase":"before","privateBytes":73711616,"workingSetBytes":58626048,"handles":643,"gdi":4,"user":8}
{"fixture":"dxui-menu-resources-v2","mode":"plain","cycle":27,"phase":"rendered","privateBytes":73908224,"workingSetBytes":58798080,"handles":649,"gdi":4,"user":9}
{"fixture":"dxui-menu-resources-v2","mode":"plain","cycle":27,"phase":"open","privateBytes":73908224,"workingSetBytes":58798080,"handles":649,"gdi":4,"user":9}
{"fixture":"dxui-menu-resources-v2","mode":"plain","cycle":27,"phase":"closed","privateBytes":73699328,"workingSetBytes":58613760,"handles":643,"gdi":4,"user":8}
{"fixture":"dxui-menu-resources-v2","mode":"plain","cycle":28,"phase":"before","privateBytes":73699328,"workingSetBytes":58613760,"handles":643,"gdi":4,"user":8}
{"fixture":"dxui-menu-resources-v2","mode":"plain","cycle":28,"phase":"rendered","privateBytes":73916416,"workingSetBytes":58806272,"handles":649,"gdi":4,"user":9}
{"fixture":"dxui-menu-resources-v2","mode":"plain","cycle":28,"phase":"open","privateBytes":73928704,"workingSetBytes":58839040,"handles":649,"gdi":4,"user":9}
{"fixture":"dxui-menu-resources-v2","mode":"plain","cycle":28,"phase":"closed","privateBytes":73740288,"workingSetBytes":58675200,"handles":643,"gdi":4,"user":8}
{"fixture":"dxui-menu-resources-v2","mode":"plain","cycle":29,"phase":"before","privateBytes":73740288,"workingSetBytes":58675200,"handles":643,"gdi":4,"user":8}
{"fixture":"dxui-menu-resources-v2","mode":"plain","cycle":29,"phase":"rendered","privateBytes":73928704,"workingSetBytes":58830848,"handles":649,"gdi":4,"user":9}
{"fixture":"dxui-menu-resources-v2","mode":"plain","cycle":29,"phase":"open","privateBytes":73928704,"workingSetBytes":58847232,"handles":649,"gdi":4,"user":9}
{"fixture":"dxui-menu-resources-v2","mode":"plain","cycle":29,"phase":"closed","privateBytes":73728000,"workingSetBytes":58679296,"handles":643,"gdi":4,"user":8}
{"fixture":"dxui-menu-resources-v2","mode":"plain","cycle":30,"phase":"before","privateBytes":73728000,"workingSetBytes":58679296,"handles":643,"gdi":4,"user":8}
{"fixture":"dxui-menu-resources-v2","mode":"plain","cycle":30,"phase":"rendered","privateBytes":73928704,"workingSetBytes":58855424,"handles":649,"gdi":4,"user":9}
{"fixture":"dxui-menu-resources-v2","mode":"plain","cycle":30,"phase":"open","privateBytes":74543104,"workingSetBytes":58892288,"handles":649,"gdi":4,"user":9}
{"fixture":"dxui-menu-resources-v2","mode":"plain","cycle":30,"phase":"closed","privateBytes":73125888,"workingSetBytes":58093568,"handles":643,"gdi":4,"user":8}
{"fixture":"dxui-menu-resources-v2","mode":"plain","cycle":31,"phase":"before","privateBytes":73125888,"workingSetBytes":58093568,"handles":643,"gdi":4,"user":8}
{"fixture":"dxui-menu-resources-v2","mode":"plain","cycle":31,"phase":"rendered","privateBytes":73805824,"workingSetBytes":58720256,"handles":649,"gdi":4,"user":9}
{"fixture":"dxui-menu-resources-v2","mode":"plain","cycle":31,"phase":"open","privateBytes":74420224,"workingSetBytes":59314176,"handles":649,"gdi":4,"user":9}
{"fixture":"dxui-menu-resources-v2","mode":"plain","cycle":31,"phase":"closed","privateBytes":74231808,"workingSetBytes":59150336,"handles":643,"gdi":4,"user":8}
{"fixture":"dxui-menu-resources-v2","mode":"plain","cycle":32,"phase":"before","privateBytes":74231808,"workingSetBytes":59150336,"handles":643,"gdi":4,"user":8}
{"fixture":"dxui-menu-resources-v2","mode":"plain","cycle":32,"phase":"rendered","privateBytes":74420224,"workingSetBytes":59359232,"handles":649,"gdi":4,"user":9}
{"fixture":"dxui-menu-resources-v2","mode":"plain","cycle":32,"phase":"open","privateBytes":74420224,"workingSetBytes":59359232,"handles":649,"gdi":4,"user":9}
{"fixture":"dxui-menu-resources-v2","mode":"plain","cycle":32,"phase":"closed","privateBytes":74231808,"workingSetBytes":59195392,"handles":643,"gdi":4,"user":8}
{"fixture":"dxui-menu-resources-v2","mode":"plain","cycle":33,"phase":"before","privateBytes":74231808,"workingSetBytes":59195392,"handles":643,"gdi":4,"user":8}
{"fixture":"dxui-menu-resources-v2","mode":"plain","cycle":33,"phase":"rendered","privateBytes":74424320,"workingSetBytes":59363328,"handles":649,"gdi":4,"user":9}
{"fixture":"dxui-menu-resources-v2","mode":"plain","cycle":33,"phase":"open","privateBytes":74424320,"workingSetBytes":59363328,"handles":649,"gdi":4,"user":9}
{"fixture":"dxui-menu-resources-v2","mode":"plain","cycle":33,"phase":"closed","privateBytes":74235904,"workingSetBytes":59199488,"handles":643,"gdi":4,"user":8}
{"fixture":"dxui-menu-resources-v2","mode":"plain","cycle":34,"phase":"before","privateBytes":74235904,"workingSetBytes":59199488,"handles":643,"gdi":4,"user":8}
{"fixture":"dxui-menu-resources-v2","mode":"plain","cycle":34,"phase":"rendered","privateBytes":74424320,"workingSetBytes":59371520,"handles":649,"gdi":4,"user":9}
{"fixture":"dxui-menu-resources-v2","mode":"plain","cycle":34,"phase":"open","privateBytes":74424320,"workingSetBytes":59375616,"handles":649,"gdi":4,"user":9}
{"fixture":"dxui-menu-resources-v2","mode":"plain","cycle":34,"phase":"closed","privateBytes":74235904,"workingSetBytes":59211776,"handles":643,"gdi":4,"user":8}
{"fixture":"dxui-menu-resources-v2","mode":"plain","cycle":35,"phase":"before","privateBytes":74235904,"workingSetBytes":59211776,"handles":643,"gdi":4,"user":8}
{"fixture":"dxui-menu-resources-v2","mode":"plain","cycle":35,"phase":"rendered","privateBytes":74424320,"workingSetBytes":59383808,"handles":649,"gdi":4,"user":9}
{"fixture":"dxui-menu-resources-v2","mode":"plain","cycle":35,"phase":"open","privateBytes":74424320,"workingSetBytes":59383808,"handles":649,"gdi":4,"user":9}
{"fixture":"dxui-menu-resources-v2","mode":"plain","cycle":35,"phase":"closed","privateBytes":74276864,"workingSetBytes":59211776,"handles":644,"gdi":4,"user":8}
{"fixture":"dxui-menu-resources-v2","mode":"plain","cycle":36,"phase":"before","privateBytes":74276864,"workingSetBytes":59211776,"handles":643,"gdi":4,"user":8}
{"fixture":"dxui-menu-resources-v2","mode":"plain","cycle":36,"phase":"rendered","privateBytes":74424320,"workingSetBytes":59387904,"handles":649,"gdi":4,"user":9}
{"fixture":"dxui-menu-resources-v2","mode":"plain","cycle":36,"phase":"open","privateBytes":74424320,"workingSetBytes":59387904,"handles":649,"gdi":4,"user":9}
{"fixture":"dxui-menu-resources-v2","mode":"plain","cycle":36,"phase":"closed","privateBytes":74272768,"workingSetBytes":59228160,"handles":643,"gdi":4,"user":8}
{"fixture":"dxui-menu-resources-v2","mode":"plain","cycle":37,"phase":"before","privateBytes":74272768,"workingSetBytes":59228160,"handles":643,"gdi":4,"user":8}
{"fixture":"dxui-menu-resources-v2","mode":"plain","cycle":37,"phase":"rendered","privateBytes":74424320,"workingSetBytes":59375616,"handles":649,"gdi":4,"user":9}
{"fixture":"dxui-menu-resources-v2","mode":"plain","cycle":37,"phase":"open","privateBytes":74424320,"workingSetBytes":59375616,"handles":649,"gdi":4,"user":9}
{"fixture":"dxui-menu-resources-v2","mode":"plain","cycle":37,"phase":"closed","privateBytes":74215424,"workingSetBytes":59191296,"handles":645,"gdi":4,"user":8}
{"fixture":"dxui-menu-resources-v2","mode":"plain","cycle":38,"phase":"before","privateBytes":74215424,"workingSetBytes":59191296,"handles":645,"gdi":4,"user":8}
{"fixture":"dxui-menu-resources-v2","mode":"plain","cycle":38,"phase":"rendered","privateBytes":74440704,"workingSetBytes":59392000,"handles":649,"gdi":4,"user":9}
{"fixture":"dxui-menu-resources-v2","mode":"plain","cycle":38,"phase":"open","privateBytes":74440704,"workingSetBytes":59392000,"handles":649,"gdi":4,"user":9}
{"fixture":"dxui-menu-resources-v2","mode":"plain","cycle":38,"phase":"closed","privateBytes":74248192,"workingSetBytes":59224064,"handles":644,"gdi":4,"user":8}
{"fixture":"dxui-menu-resources-v2","mode":"plain","cycle":39,"phase":"before","privateBytes":74248192,"workingSetBytes":59224064,"handles":643,"gdi":4,"user":8}
{"fixture":"dxui-menu-resources-v2","mode":"plain","cycle":39,"phase":"rendered","privateBytes":74440704,"workingSetBytes":59387904,"handles":649,"gdi":4,"user":9}
{"fixture":"dxui-menu-resources-v2","mode":"plain","cycle":39,"phase":"open","privateBytes":74440704,"workingSetBytes":59387904,"handles":649,"gdi":4,"user":9}
{"fixture":"dxui-menu-resources-v2","mode":"plain","cycle":39,"phase":"closed","privateBytes":74252288,"workingSetBytes":59224064,"handles":643,"gdi":4,"user":8}
{"fixture":"dxui-menu-resources-v2","mode":"plain","cycle":40,"phase":"before","privateBytes":74252288,"workingSetBytes":59224064,"handles":643,"gdi":4,"user":8}
{"fixture":"dxui-menu-resources-v2","mode":"plain","cycle":40,"phase":"rendered","privateBytes":74440704,"workingSetBytes":59387904,"handles":649,"gdi":4,"user":9}
{"fixture":"dxui-menu-resources-v2","mode":"plain","cycle":40,"phase":"open","privateBytes":74440704,"workingSetBytes":59387904,"handles":649,"gdi":4,"user":9}
{"fixture":"dxui-menu-resources-v2","mode":"plain","cycle":40,"phase":"closed","privateBytes":74252288,"workingSetBytes":59224064,"handles":643,"gdi":4,"user":8}
{"fixture":"dxui-menu-resources-v2","mode":"plain","cycle":41,"phase":"before","privateBytes":74252288,"workingSetBytes":59224064,"handles":643,"gdi":4,"user":8}
{"fixture":"dxui-menu-resources-v2","mode":"plain","cycle":41,"phase":"rendered","privateBytes":74440704,"workingSetBytes":59392000,"handles":649,"gdi":4,"user":9}
{"fixture":"dxui-menu-resources-v2","mode":"plain","cycle":41,"phase":"open","privateBytes":74440704,"workingSetBytes":59392000,"handles":649,"gdi":4,"user":9}
{"fixture":"dxui-menu-resources-v2","mode":"plain","cycle":41,"phase":"closed","privateBytes":74260480,"workingSetBytes":59232256,"handles":643,"gdi":4,"user":8}
{"fixture":"dxui-menu-resources-v2","mode":"plain","cycle":42,"phase":"before","privateBytes":74260480,"workingSetBytes":59232256,"handles":643,"gdi":4,"user":8}
{"fixture":"dxui-menu-resources-v2","mode":"plain","cycle":42,"phase":"rendered","privateBytes":74440704,"workingSetBytes":59392000,"handles":649,"gdi":4,"user":9}
{"fixture":"dxui-menu-resources-v2","mode":"plain","cycle":42,"phase":"open","privateBytes":74440704,"workingSetBytes":59392000,"handles":649,"gdi":4,"user":9}
{"fixture":"dxui-menu-resources-v2","mode":"plain","cycle":42,"phase":"closed","privateBytes":74244096,"workingSetBytes":59215872,"handles":643,"gdi":4,"user":8}
{"fixture":"dxui-menu-resources-v2","mode":"plain","cycle":43,"phase":"before","privateBytes":74244096,"workingSetBytes":59215872,"handles":643,"gdi":4,"user":8}
{"fixture":"dxui-menu-resources-v2","mode":"plain","cycle":43,"phase":"rendered","privateBytes":74440704,"workingSetBytes":59392000,"handles":649,"gdi":4,"user":9}
{"fixture":"dxui-menu-resources-v2","mode":"plain","cycle":43,"phase":"open","privateBytes":74440704,"workingSetBytes":59392000,"handles":649,"gdi":4,"user":9}
{"fixture":"dxui-menu-resources-v2","mode":"plain","cycle":43,"phase":"closed","privateBytes":74252288,"workingSetBytes":59228160,"handles":643,"gdi":4,"user":8}
{"fixture":"dxui-menu-resources-v2","mode":"plain","cycle":44,"phase":"before","privateBytes":74252288,"workingSetBytes":59228160,"handles":643,"gdi":4,"user":8}
{"fixture":"dxui-menu-resources-v2","mode":"plain","cycle":44,"phase":"rendered","privateBytes":74440704,"workingSetBytes":59383808,"handles":649,"gdi":4,"user":9}
{"fixture":"dxui-menu-resources-v2","mode":"plain","cycle":44,"phase":"open","privateBytes":74440704,"workingSetBytes":59383808,"handles":649,"gdi":4,"user":9}
{"fixture":"dxui-menu-resources-v2","mode":"plain","cycle":44,"phase":"closed","privateBytes":74252288,"workingSetBytes":59219968,"handles":644,"gdi":4,"user":8}
{"fixture":"dxui-menu-resources-v2","mode":"plain","cycle":45,"phase":"before","privateBytes":74252288,"workingSetBytes":59219968,"handles":644,"gdi":4,"user":8}
{"fixture":"dxui-menu-resources-v2","mode":"plain","cycle":45,"phase":"rendered","privateBytes":74444800,"workingSetBytes":59392000,"handles":649,"gdi":4,"user":9}
{"fixture":"dxui-menu-resources-v2","mode":"plain","cycle":45,"phase":"open","privateBytes":74444800,"workingSetBytes":59392000,"handles":649,"gdi":4,"user":9}
{"fixture":"dxui-menu-resources-v2","mode":"plain","cycle":45,"phase":"closed","privateBytes":74252288,"workingSetBytes":59228160,"handles":643,"gdi":4,"user":8}
{"fixture":"dxui-menu-resources-v2","mode":"plain","cycle":46,"phase":"before","privateBytes":74252288,"workingSetBytes":59228160,"handles":643,"gdi":4,"user":8}
{"fixture":"dxui-menu-resources-v2","mode":"plain","cycle":46,"phase":"rendered","privateBytes":74444800,"workingSetBytes":59396096,"handles":649,"gdi":4,"user":9}
{"fixture":"dxui-menu-resources-v2","mode":"plain","cycle":46,"phase":"open","privateBytes":74444800,"workingSetBytes":59396096,"handles":649,"gdi":4,"user":9}
{"fixture":"dxui-menu-resources-v2","mode":"plain","cycle":46,"phase":"closed","privateBytes":74264576,"workingSetBytes":59232256,"handles":643,"gdi":4,"user":8}
{"fixture":"dxui-menu-resources-v2","mode":"plain","cycle":47,"phase":"before","privateBytes":74264576,"workingSetBytes":59232256,"handles":643,"gdi":4,"user":8}
{"fixture":"dxui-menu-resources-v2","mode":"plain","cycle":47,"phase":"rendered","privateBytes":74444800,"workingSetBytes":59408384,"handles":649,"gdi":4,"user":9}
{"fixture":"dxui-menu-resources-v2","mode":"plain","cycle":47,"phase":"open","privateBytes":74444800,"workingSetBytes":59420672,"handles":649,"gdi":4,"user":9}
{"fixture":"dxui-menu-resources-v2","mode":"plain","cycle":47,"phase":"closed","privateBytes":74256384,"workingSetBytes":59248640,"handles":643,"gdi":4,"user":8}
{"fixture":"dxui-menu-resources-v2","mode":"plain","cycle":48,"phase":"before","privateBytes":74256384,"workingSetBytes":59248640,"handles":643,"gdi":4,"user":8}
{"fixture":"dxui-menu-resources-v2","mode":"plain","cycle":48,"phase":"rendered","privateBytes":74444800,"workingSetBytes":59424768,"handles":649,"gdi":4,"user":9}
{"fixture":"dxui-menu-resources-v2","mode":"plain","cycle":48,"phase":"open","privateBytes":74444800,"workingSetBytes":59424768,"handles":649,"gdi":4,"user":9}
{"fixture":"dxui-menu-resources-v2","mode":"plain","cycle":48,"phase":"closed","privateBytes":74252288,"workingSetBytes":59256832,"handles":644,"gdi":4,"user":8}
{"fixture":"dxui-menu-resources-v2","mode":"plain","cycle":49,"phase":"before","privateBytes":74252288,"workingSetBytes":59256832,"handles":644,"gdi":4,"user":8}
{"fixture":"dxui-menu-resources-v2","mode":"plain","cycle":49,"phase":"rendered","privateBytes":74444800,"workingSetBytes":59424768,"handles":649,"gdi":4,"user":9}
{"fixture":"dxui-menu-resources-v2","mode":"plain","cycle":49,"phase":"open","privateBytes":75059200,"workingSetBytes":59461632,"handles":649,"gdi":4,"user":9}
{"fixture":"dxui-menu-resources-v2","mode":"plain","cycle":49,"phase":"closed","privateBytes":73641984,"workingSetBytes":58658816,"handles":643,"gdi":4,"user":8}
{"fixture":"dxui-menu-resources-v2","mode":"plain","cycle":50,"phase":"before","privateBytes":73641984,"workingSetBytes":58658816,"handles":643,"gdi":4,"user":8}
{"fixture":"dxui-menu-resources-v2","mode":"plain","cycle":50,"phase":"rendered","privateBytes":74579968,"workingSetBytes":59564032,"handles":649,"gdi":4,"user":9}
{"fixture":"dxui-menu-resources-v2","mode":"plain","cycle":50,"phase":"open","privateBytes":75198464,"workingSetBytes":59596800,"handles":649,"gdi":4,"user":9}
{"fixture":"dxui-menu-resources-v2","mode":"plain","cycle":50,"phase":"closed","privateBytes":73801728,"workingSetBytes":58814464,"handles":643,"gdi":4,"user":8}
{"fixture":"dxui-menu-resources-v2","mode":"plain","cycle":51,"phase":"before","privateBytes":73801728,"workingSetBytes":58814464,"handles":643,"gdi":4,"user":8}
{"fixture":"dxui-menu-resources-v2","mode":"plain","cycle":51,"phase":"rendered","privateBytes":74399744,"workingSetBytes":59244544,"handles":649,"gdi":4,"user":9}
{"fixture":"dxui-menu-resources-v2","mode":"plain","cycle":51,"phase":"open","privateBytes":75014144,"workingSetBytes":59555840,"handles":649,"gdi":4,"user":9}
{"fixture":"dxui-menu-resources-v2","mode":"plain","cycle":51,"phase":"closed","privateBytes":73744384,"workingSetBytes":58765312,"handles":644,"gdi":4,"user":8}
{"fixture":"dxui-menu-resources-v2","mode":"plain","cycle":52,"phase":"before","privateBytes":73744384,"workingSetBytes":58765312,"handles":644,"gdi":4,"user":8}
{"fixture":"dxui-menu-resources-v2","mode":"plain","cycle":52,"phase":"rendered","privateBytes":74395648,"workingSetBytes":59260928,"handles":649,"gdi":4,"user":9}
{"fixture":"dxui-menu-resources-v2","mode":"plain","cycle":52,"phase":"open","privateBytes":75014144,"workingSetBytes":59580416,"handles":649,"gdi":4,"user":9}
{"fixture":"dxui-menu-resources-v2","mode":"plain","cycle":52,"phase":"closed","privateBytes":74309632,"workingSetBytes":58789888,"handles":643,"gdi":4,"user":8}
{"fixture":"dxui-menu-resources-v2","mode":"plain","cycle":53,"phase":"before","privateBytes":74309632,"workingSetBytes":58789888,"handles":643,"gdi":4,"user":8}
{"fixture":"dxui-menu-resources-v2","mode":"plain","cycle":53,"phase":"rendered","privateBytes":74510336,"workingSetBytes":59420672,"handles":649,"gdi":4,"user":9}
{"fixture":"dxui-menu-resources-v2","mode":"plain","cycle":53,"phase":"open","privateBytes":75128832,"workingSetBytes":60035072,"handles":649,"gdi":4,"user":9}
{"fixture":"dxui-menu-resources-v2","mode":"plain","cycle":53,"phase":"closed","privateBytes":74936320,"workingSetBytes":59867136,"handles":644,"gdi":4,"user":8}
{"fixture":"dxui-menu-resources-v2","mode":"plain","cycle":54,"phase":"before","privateBytes":74936320,"workingSetBytes":59867136,"handles":643,"gdi":4,"user":8}
{"fixture":"dxui-menu-resources-v2","mode":"plain","cycle":54,"phase":"rendered","privateBytes":75137024,"workingSetBytes":60039168,"handles":649,"gdi":4,"user":9}
{"fixture":"dxui-menu-resources-v2","mode":"plain","cycle":54,"phase":"open","privateBytes":75137024,"workingSetBytes":60039168,"handles":649,"gdi":4,"user":9}
{"fixture":"dxui-menu-resources-v2","mode":"plain","cycle":54,"phase":"closed","privateBytes":74944512,"workingSetBytes":59871232,"handles":644,"gdi":4,"user":8}
{"fixture":"dxui-menu-resources-v2","mode":"plain","cycle":55,"phase":"before","privateBytes":74944512,"workingSetBytes":59871232,"handles":643,"gdi":4,"user":8}
{"fixture":"dxui-menu-resources-v2","mode":"plain","cycle":55,"phase":"rendered","privateBytes":75128832,"workingSetBytes":60039168,"handles":649,"gdi":4,"user":9}
{"fixture":"dxui-menu-resources-v2","mode":"plain","cycle":55,"phase":"open","privateBytes":75128832,"workingSetBytes":60039168,"handles":649,"gdi":4,"user":9}
{"fixture":"dxui-menu-resources-v2","mode":"plain","cycle":55,"phase":"closed","privateBytes":74919936,"workingSetBytes":59854848,"handles":643,"gdi":4,"user":8}
{"fixture":"dxui-menu-resources-v2","mode":"plain","cycle":56,"phase":"before","privateBytes":74919936,"workingSetBytes":59854848,"handles":643,"gdi":4,"user":8}
{"fixture":"dxui-menu-resources-v2","mode":"plain","cycle":56,"phase":"rendered","privateBytes":75137024,"workingSetBytes":60035072,"handles":649,"gdi":4,"user":9}
{"fixture":"dxui-menu-resources-v2","mode":"plain","cycle":56,"phase":"open","privateBytes":75137024,"workingSetBytes":60035072,"handles":649,"gdi":4,"user":9}
{"fixture":"dxui-menu-resources-v2","mode":"plain","cycle":56,"phase":"closed","privateBytes":74919936,"workingSetBytes":59858944,"handles":643,"gdi":4,"user":8}
{"fixture":"dxui-menu-resources-v2","mode":"plain","cycle":57,"phase":"before","privateBytes":74919936,"workingSetBytes":59858944,"handles":643,"gdi":4,"user":8}
{"fixture":"dxui-menu-resources-v2","mode":"plain","cycle":57,"phase":"rendered","privateBytes":75137024,"workingSetBytes":60043264,"handles":649,"gdi":4,"user":9}
{"fixture":"dxui-menu-resources-v2","mode":"plain","cycle":57,"phase":"open","privateBytes":75137024,"workingSetBytes":60043264,"handles":649,"gdi":4,"user":9}
{"fixture":"dxui-menu-resources-v2","mode":"plain","cycle":57,"phase":"closed","privateBytes":74936320,"workingSetBytes":59875328,"handles":643,"gdi":4,"user":8}
{"fixture":"dxui-menu-resources-v2","mode":"plain","cycle":58,"phase":"before","privateBytes":74936320,"workingSetBytes":59875328,"handles":643,"gdi":4,"user":8}
{"fixture":"dxui-menu-resources-v2","mode":"plain","cycle":58,"phase":"rendered","privateBytes":75149312,"workingSetBytes":60051456,"handles":649,"gdi":4,"user":9}
{"fixture":"dxui-menu-resources-v2","mode":"plain","cycle":58,"phase":"open","privateBytes":75149312,"workingSetBytes":60051456,"handles":649,"gdi":4,"user":9}
{"fixture":"dxui-menu-resources-v2","mode":"plain","cycle":58,"phase":"closed","privateBytes":74936320,"workingSetBytes":59875328,"handles":643,"gdi":4,"user":8}
{"fixture":"dxui-menu-resources-v2","mode":"plain","cycle":59,"phase":"before","privateBytes":74936320,"workingSetBytes":59875328,"handles":643,"gdi":4,"user":8}
{"fixture":"dxui-menu-resources-v2","mode":"plain","cycle":59,"phase":"rendered","privateBytes":75149312,"workingSetBytes":60141568,"handles":649,"gdi":4,"user":9}
{"fixture":"dxui-menu-resources-v2","mode":"plain","cycle":59,"phase":"open","privateBytes":75149312,"workingSetBytes":60141568,"handles":649,"gdi":4,"user":9}
{"fixture":"dxui-menu-resources-v2","mode":"plain","cycle":59,"phase":"closed","privateBytes":74960896,"workingSetBytes":59969536,"handles":644,"gdi":4,"user":8}
{"fixture":"dxui-menu-resources-v2","mode":"plain","cycle":60,"phase":"before","privateBytes":74960896,"workingSetBytes":59969536,"handles":643,"gdi":4,"user":8}
{"fixture":"dxui-menu-resources-v2","mode":"plain","cycle":60,"phase":"rendered","privateBytes":75149312,"workingSetBytes":60157952,"handles":649,"gdi":4,"user":9}
{"fixture":"dxui-menu-resources-v2","mode":"plain","cycle":60,"phase":"open","privateBytes":75763712,"workingSetBytes":60235776,"handles":649,"gdi":4,"user":9}
{"fixture":"dxui-menu-resources-v2","mode":"plain","cycle":60,"phase":"closed","privateBytes":74424320,"workingSetBytes":59445248,"handles":643,"gdi":4,"user":8}
{"fixture":"dxui-menu-resources-v2","mode":"plain","cycle":61,"phase":"before","privateBytes":74424320,"workingSetBytes":59445248,"handles":643,"gdi":4,"user":8}
{"fixture":"dxui-menu-resources-v2","mode":"plain","cycle":61,"phase":"rendered","privateBytes":74870784,"workingSetBytes":59875328,"handles":649,"gdi":4,"user":9}
{"fixture":"dxui-menu-resources-v2","mode":"plain","cycle":61,"phase":"open","privateBytes":75489280,"workingSetBytes":60223488,"handles":649,"gdi":4,"user":9}
{"fixture":"dxui-menu-resources-v2","mode":"plain","cycle":61,"phase":"closed","privateBytes":75296768,"workingSetBytes":60043264,"handles":643,"gdi":4,"user":8}
{"fixture":"dxui-menu-resources-v2","mode":"plain","cycle":62,"phase":"before","privateBytes":75296768,"workingSetBytes":60043264,"handles":643,"gdi":4,"user":8}
{"fixture":"dxui-menu-resources-v2","mode":"plain","cycle":62,"phase":"rendered","privateBytes":75489280,"workingSetBytes":60227584,"handles":649,"gdi":4,"user":9}
{"fixture":"dxui-menu-resources-v2","mode":"plain","cycle":62,"phase":"open","privateBytes":75489280,"workingSetBytes":60227584,"handles":649,"gdi":4,"user":9}
{"fixture":"dxui-menu-resources-v2","mode":"plain","cycle":62,"phase":"closed","privateBytes":75292672,"workingSetBytes":60059648,"handles":643,"gdi":4,"user":8}
{"fixture":"dxui-menu-resources-v2","mode":"plain","cycle":63,"phase":"before","privateBytes":75292672,"workingSetBytes":60059648,"handles":643,"gdi":4,"user":8}
{"fixture":"dxui-menu-resources-v2","mode":"plain","cycle":63,"phase":"rendered","privateBytes":75489280,"workingSetBytes":60227584,"handles":649,"gdi":4,"user":9}
{"fixture":"dxui-menu-resources-v2","mode":"plain","cycle":63,"phase":"open","privateBytes":75489280,"workingSetBytes":60489728,"handles":649,"gdi":4,"user":9}
{"fixture":"dxui-menu-resources-v2","mode":"plain","cycle":63,"phase":"closed","privateBytes":75300864,"workingSetBytes":60321792,"handles":645,"gdi":4,"user":8}
{"fixture":"dxui-menu-resources-v2","mode":"plain","cycle":64,"phase":"before","privateBytes":75300864,"workingSetBytes":60321792,"handles":645,"gdi":4,"user":8}
{"fixture":"dxui-menu-resources-v2","mode":"plain","cycle":64,"phase":"rendered","privateBytes":75497472,"workingSetBytes":60502016,"handles":649,"gdi":4,"user":9}
{"fixture":"dxui-menu-resources-v2","mode":"plain","cycle":64,"phase":"open","privateBytes":75497472,"workingSetBytes":60502016,"handles":649,"gdi":4,"user":9}
{"fixture":"dxui-menu-resources-v2","mode":"plain","cycle":64,"phase":"closed","privateBytes":75304960,"workingSetBytes":60334080,"handles":643,"gdi":4,"user":8}
{"fixture":"dxui-menu-resources-v2","mode":"plain","cycle":65,"phase":"before","privateBytes":75304960,"workingSetBytes":60334080,"handles":643,"gdi":4,"user":8}
{"fixture":"dxui-menu-resources-v2","mode":"plain","cycle":65,"phase":"rendered","privateBytes":75497472,"workingSetBytes":60493824,"handles":649,"gdi":4,"user":9}
{"fixture":"dxui-menu-resources-v2","mode":"plain","cycle":65,"phase":"open","privateBytes":76111872,"workingSetBytes":60530688,"handles":649,"gdi":4,"user":9}
{"fixture":"dxui-menu-resources-v2","mode":"plain","cycle":65,"phase":"closed","privateBytes":74719232,"workingSetBytes":59752448,"handles":643,"gdi":4,"user":8}
{"fixture":"dxui-menu-resources-v2","mode":"plain","cycle":66,"phase":"before","privateBytes":74719232,"workingSetBytes":59752448,"handles":643,"gdi":4,"user":8}
{"fixture":"dxui-menu-resources-v2","mode":"plain","cycle":66,"phase":"rendered","privateBytes":75374592,"workingSetBytes":60276736,"handles":649,"gdi":4,"user":9}
{"fixture":"dxui-menu-resources-v2","mode":"plain","cycle":66,"phase":"open","privateBytes":75988992,"workingSetBytes":60559360,"handles":649,"gdi":4,"user":9}
{"fixture":"dxui-menu-resources-v2","mode":"plain","cycle":66,"phase":"closed","privateBytes":75796480,"workingSetBytes":60403712,"handles":643,"gdi":4,"user":8}
{"fixture":"dxui-menu-resources-v2","mode":"plain","cycle":67,"phase":"before","privateBytes":75796480,"workingSetBytes":60403712,"handles":643,"gdi":4,"user":8}
{"fixture":"dxui-menu-resources-v2","mode":"plain","cycle":67,"phase":"rendered","privateBytes":75988992,"workingSetBytes":60559360,"handles":649,"gdi":4,"user":9}
{"fixture":"dxui-menu-resources-v2","mode":"plain","cycle":67,"phase":"open","privateBytes":75988992,"workingSetBytes":60592128,"handles":649,"gdi":4,"user":9}
{"fixture":"dxui-menu-resources-v2","mode":"plain","cycle":67,"phase":"closed","privateBytes":75780096,"workingSetBytes":60420096,"handles":644,"gdi":4,"user":8}
{"fixture":"dxui-menu-resources-v2","mode":"plain","cycle":68,"phase":"before","privateBytes":75780096,"workingSetBytes":60420096,"handles":643,"gdi":4,"user":8}
{"fixture":"dxui-menu-resources-v2","mode":"plain","cycle":68,"phase":"rendered","privateBytes":75988992,"workingSetBytes":60600320,"handles":649,"gdi":4,"user":9}
{"fixture":"dxui-menu-resources-v2","mode":"plain","cycle":68,"phase":"open","privateBytes":75988992,"workingSetBytes":60600320,"handles":649,"gdi":4,"user":9}
{"fixture":"dxui-menu-resources-v2","mode":"plain","cycle":68,"phase":"closed","privateBytes":75788288,"workingSetBytes":60428288,"handles":643,"gdi":4,"user":8}
{"fixture":"dxui-menu-resources-v2","mode":"plain","cycle":69,"phase":"before","privateBytes":75788288,"workingSetBytes":60428288,"handles":643,"gdi":4,"user":8}
{"fixture":"dxui-menu-resources-v2","mode":"plain","cycle":69,"phase":"rendered","privateBytes":75993088,"workingSetBytes":60596224,"handles":649,"gdi":4,"user":9}
{"fixture":"dxui-menu-resources-v2","mode":"plain","cycle":69,"phase":"open","privateBytes":75993088,"workingSetBytes":60628992,"handles":649,"gdi":4,"user":9}
{"fixture":"dxui-menu-resources-v2","mode":"plain","cycle":69,"phase":"closed","privateBytes":75788288,"workingSetBytes":60461056,"handles":643,"gdi":4,"user":8}
{"fixture":"dxui-menu-resources-v2","mode":"plain","cycle":70,"phase":"before","privateBytes":75788288,"workingSetBytes":60461056,"handles":643,"gdi":4,"user":8}
{"fixture":"dxui-menu-resources-v2","mode":"plain","cycle":70,"phase":"rendered","privateBytes":75993088,"workingSetBytes":60628992,"handles":649,"gdi":4,"user":9}
{"fixture":"dxui-menu-resources-v2","mode":"plain","cycle":70,"phase":"open","privateBytes":75993088,"workingSetBytes":60661760,"handles":649,"gdi":4,"user":9}
{"fixture":"dxui-menu-resources-v2","mode":"plain","cycle":70,"phase":"closed","privateBytes":75776000,"workingSetBytes":60481536,"handles":643,"gdi":4,"user":8}
{"fixture":"dxui-menu-resources-v2","mode":"plain","cycle":71,"phase":"before","privateBytes":75776000,"workingSetBytes":60481536,"handles":643,"gdi":4,"user":8}
{"fixture":"dxui-menu-resources-v2","mode":"plain","cycle":71,"phase":"rendered","privateBytes":75993088,"workingSetBytes":60657664,"handles":649,"gdi":4,"user":9}
{"fixture":"dxui-menu-resources-v2","mode":"plain","cycle":71,"phase":"open","privateBytes":75993088,"workingSetBytes":60698624,"handles":649,"gdi":4,"user":9}
{"fixture":"dxui-menu-resources-v2","mode":"plain","cycle":71,"phase":"closed","privateBytes":75784192,"workingSetBytes":60530688,"handles":644,"gdi":4,"user":8}
{"fixture":"dxui-menu-resources-v2","mode":"plain","cycle":72,"phase":"before","privateBytes":75784192,"workingSetBytes":60530688,"handles":644,"gdi":4,"user":8}
{"fixture":"dxui-menu-resources-v2","mode":"plain","cycle":72,"phase":"rendered","privateBytes":75993088,"workingSetBytes":60698624,"handles":649,"gdi":4,"user":9}
{"fixture":"dxui-menu-resources-v2","mode":"plain","cycle":72,"phase":"open","privateBytes":75993088,"workingSetBytes":60723200,"handles":649,"gdi":4,"user":9}
{"fixture":"dxui-menu-resources-v2","mode":"plain","cycle":72,"phase":"closed","privateBytes":75784192,"workingSetBytes":60555264,"handles":643,"gdi":4,"user":8}
{"fixture":"dxui-menu-resources-v2","mode":"plain","cycle":73,"phase":"before","privateBytes":75784192,"workingSetBytes":60555264,"handles":643,"gdi":4,"user":8}
{"fixture":"dxui-menu-resources-v2","mode":"plain","cycle":73,"phase":"rendered","privateBytes":75993088,"workingSetBytes":60719104,"handles":649,"gdi":4,"user":9}
{"fixture":"dxui-menu-resources-v2","mode":"plain","cycle":73,"phase":"open","privateBytes":75993088,"workingSetBytes":60776448,"handles":649,"gdi":4,"user":9}
{"fixture":"dxui-menu-resources-v2","mode":"plain","cycle":73,"phase":"closed","privateBytes":75780096,"workingSetBytes":60608512,"handles":644,"gdi":4,"user":8}
{"fixture":"dxui-menu-resources-v2","mode":"plain","cycle":74,"phase":"before","privateBytes":75780096,"workingSetBytes":60608512,"handles":644,"gdi":4,"user":8}
{"fixture":"dxui-menu-resources-v2","mode":"plain","cycle":74,"phase":"rendered","privateBytes":75993088,"workingSetBytes":60788736,"handles":649,"gdi":4,"user":9}
{"fixture":"dxui-menu-resources-v2","mode":"plain","cycle":74,"phase":"open","privateBytes":75993088,"workingSetBytes":60821504,"handles":649,"gdi":4,"user":9}
{"fixture":"dxui-menu-resources-v2","mode":"plain","cycle":74,"phase":"closed","privateBytes":75800576,"workingSetBytes":60661760,"handles":643,"gdi":4,"user":8}
{"fixture":"dxui-menu-resources-v2","mode":"plain","cycle":75,"phase":"before","privateBytes":75800576,"workingSetBytes":60661760,"handles":643,"gdi":4,"user":8}
{"fixture":"dxui-menu-resources-v2","mode":"plain","cycle":75,"phase":"rendered","privateBytes":75993088,"workingSetBytes":60817408,"handles":649,"gdi":4,"user":9}
{"fixture":"dxui-menu-resources-v2","mode":"plain","cycle":75,"phase":"open","privateBytes":75993088,"workingSetBytes":60850176,"handles":649,"gdi":4,"user":9}
{"fixture":"dxui-menu-resources-v2","mode":"plain","cycle":75,"phase":"closed","privateBytes":75796480,"workingSetBytes":60690432,"handles":643,"gdi":4,"user":8}
{"fixture":"dxui-menu-resources-v2","mode":"plain","cycle":76,"phase":"before","privateBytes":75796480,"workingSetBytes":60690432,"handles":643,"gdi":4,"user":8}
{"fixture":"dxui-menu-resources-v2","mode":"plain","cycle":76,"phase":"rendered","privateBytes":75993088,"workingSetBytes":60854272,"handles":649,"gdi":4,"user":9}
{"fixture":"dxui-menu-resources-v2","mode":"plain","cycle":76,"phase":"open","privateBytes":75993088,"workingSetBytes":60854272,"handles":649,"gdi":4,"user":9}
{"fixture":"dxui-menu-resources-v2","mode":"plain","cycle":76,"phase":"closed","privateBytes":75800576,"workingSetBytes":60694528,"handles":644,"gdi":4,"user":8}
{"fixture":"dxui-menu-resources-v2","mode":"plain","cycle":77,"phase":"before","privateBytes":75800576,"workingSetBytes":60694528,"handles":643,"gdi":4,"user":8}
{"fixture":"dxui-menu-resources-v2","mode":"plain","cycle":77,"phase":"rendered","privateBytes":75993088,"workingSetBytes":60841984,"handles":649,"gdi":4,"user":9}
{"fixture":"dxui-menu-resources-v2","mode":"plain","cycle":77,"phase":"open","privateBytes":75993088,"workingSetBytes":60874752,"handles":649,"gdi":4,"user":9}
{"fixture":"dxui-menu-resources-v2","mode":"plain","cycle":77,"phase":"closed","privateBytes":75808768,"workingSetBytes":60710912,"handles":643,"gdi":4,"user":8}
{"fixture":"dxui-menu-resources-v2","mode":"plain","cycle":78,"phase":"before","privateBytes":75808768,"workingSetBytes":60710912,"handles":643,"gdi":4,"user":8}
{"fixture":"dxui-menu-resources-v2","mode":"plain","cycle":78,"phase":"rendered","privateBytes":75993088,"workingSetBytes":60882944,"handles":649,"gdi":4,"user":9}
{"fixture":"dxui-menu-resources-v2","mode":"plain","cycle":78,"phase":"open","privateBytes":76607488,"workingSetBytes":60997632,"handles":649,"gdi":4,"user":9}
{"fixture":"dxui-menu-resources-v2","mode":"plain","cycle":78,"phase":"closed","privateBytes":75186176,"workingSetBytes":60215296,"handles":644,"gdi":4,"user":8}
{"fixture":"dxui-menu-resources-v2","mode":"plain","cycle":79,"phase":"before","privateBytes":75186176,"workingSetBytes":60215296,"handles":644,"gdi":4,"user":8}
{"fixture":"dxui-menu-resources-v2","mode":"plain","cycle":79,"phase":"rendered","privateBytes":75808768,"workingSetBytes":60796928,"handles":649,"gdi":4,"user":9}
{"fixture":"dxui-menu-resources-v2","mode":"plain","cycle":79,"phase":"open","privateBytes":76423168,"workingSetBytes":60993536,"handles":649,"gdi":4,"user":9}
{"fixture":"dxui-menu-resources-v2","mode":"plain","cycle":79,"phase":"closed","privateBytes":76218368,"workingSetBytes":60825600,"handles":643,"gdi":4,"user":8}
{"fixture":"dxui-menu-resources-v2","mode":"plain","cycle":80,"phase":"before","privateBytes":76218368,"workingSetBytes":60825600,"handles":643,"gdi":4,"user":8}
{"fixture":"dxui-menu-resources-v2","mode":"plain","cycle":80,"phase":"rendered","privateBytes":76423168,"workingSetBytes":60997632,"handles":649,"gdi":4,"user":9}
{"fixture":"dxui-menu-resources-v2","mode":"plain","cycle":80,"phase":"open","privateBytes":76423168,"workingSetBytes":60997632,"handles":649,"gdi":4,"user":9}
{"fixture":"dxui-menu-resources-v2","mode":"plain","cycle":80,"phase":"closed","privateBytes":76222464,"workingSetBytes":60829696,"handles":643,"gdi":4,"user":8}
{"fixture":"dxui-menu-resources-v2","mode":"plain","cycle":81,"phase":"before","privateBytes":76222464,"workingSetBytes":60829696,"handles":643,"gdi":4,"user":8}
{"fixture":"dxui-menu-resources-v2","mode":"plain","cycle":81,"phase":"rendered","privateBytes":76423168,"workingSetBytes":61001728,"handles":649,"gdi":4,"user":9}
{"fixture":"dxui-menu-resources-v2","mode":"plain","cycle":81,"phase":"open","privateBytes":76423168,"workingSetBytes":61038592,"handles":649,"gdi":4,"user":9}
{"fixture":"dxui-menu-resources-v2","mode":"plain","cycle":81,"phase":"closed","privateBytes":76230656,"workingSetBytes":60858368,"handles":643,"gdi":4,"user":8}
{"fixture":"dxui-menu-resources-v2","mode":"plain","cycle":82,"phase":"before","privateBytes":76230656,"workingSetBytes":60858368,"handles":643,"gdi":4,"user":8}
{"fixture":"dxui-menu-resources-v2","mode":"plain","cycle":82,"phase":"rendered","privateBytes":76423168,"workingSetBytes":61038592,"handles":649,"gdi":4,"user":9}
{"fixture":"dxui-menu-resources-v2","mode":"plain","cycle":82,"phase":"open","privateBytes":76423168,"workingSetBytes":61038592,"handles":649,"gdi":4,"user":9}
{"fixture":"dxui-menu-resources-v2","mode":"plain","cycle":82,"phase":"closed","privateBytes":76226560,"workingSetBytes":60870656,"handles":643,"gdi":4,"user":8}
{"fixture":"dxui-menu-resources-v2","mode":"plain","cycle":83,"phase":"before","privateBytes":76226560,"workingSetBytes":60870656,"handles":643,"gdi":4,"user":8}
{"fixture":"dxui-menu-resources-v2","mode":"plain","cycle":83,"phase":"rendered","privateBytes":76423168,"workingSetBytes":61026304,"handles":649,"gdi":4,"user":9}
{"fixture":"dxui-menu-resources-v2","mode":"plain","cycle":83,"phase":"open","privateBytes":76423168,"workingSetBytes":61046784,"handles":649,"gdi":4,"user":9}
{"fixture":"dxui-menu-resources-v2","mode":"plain","cycle":83,"phase":"closed","privateBytes":76218368,"workingSetBytes":60882944,"handles":643,"gdi":4,"user":8}
{"fixture":"dxui-menu-resources-v2","mode":"plain","cycle":84,"phase":"before","privateBytes":76218368,"workingSetBytes":60882944,"handles":643,"gdi":4,"user":8}
{"fixture":"dxui-menu-resources-v2","mode":"plain","cycle":84,"phase":"rendered","privateBytes":76423168,"workingSetBytes":61067264,"handles":649,"gdi":4,"user":9}
{"fixture":"dxui-menu-resources-v2","mode":"plain","cycle":84,"phase":"open","privateBytes":76423168,"workingSetBytes":61079552,"handles":649,"gdi":4,"user":9}
{"fixture":"dxui-menu-resources-v2","mode":"plain","cycle":84,"phase":"closed","privateBytes":76218368,"workingSetBytes":60903424,"handles":644,"gdi":4,"user":8}
{"fixture":"dxui-menu-resources-v2","mode":"plain","cycle":85,"phase":"before","privateBytes":76218368,"workingSetBytes":60903424,"handles":644,"gdi":4,"user":8}
{"fixture":"dxui-menu-resources-v2","mode":"plain","cycle":85,"phase":"rendered","privateBytes":76423168,"workingSetBytes":61079552,"handles":649,"gdi":4,"user":9}
{"fixture":"dxui-menu-resources-v2","mode":"plain","cycle":85,"phase":"open","privateBytes":76423168,"workingSetBytes":61079552,"handles":649,"gdi":4,"user":9}
{"fixture":"dxui-menu-resources-v2","mode":"plain","cycle":85,"phase":"closed","privateBytes":76230656,"workingSetBytes":60907520,"handles":643,"gdi":4,"user":8}
{"fixture":"dxui-menu-resources-v2","mode":"plain","cycle":86,"phase":"before","privateBytes":76230656,"workingSetBytes":60907520,"handles":643,"gdi":4,"user":8}
{"fixture":"dxui-menu-resources-v2","mode":"plain","cycle":86,"phase":"rendered","privateBytes":76423168,"workingSetBytes":61075456,"handles":649,"gdi":4,"user":9}
{"fixture":"dxui-menu-resources-v2","mode":"plain","cycle":86,"phase":"open","privateBytes":76423168,"workingSetBytes":61075456,"handles":649,"gdi":4,"user":9}
{"fixture":"dxui-menu-resources-v2","mode":"plain","cycle":86,"phase":"closed","privateBytes":76222464,"workingSetBytes":60911616,"handles":643,"gdi":4,"user":8}
{"fixture":"dxui-menu-resources-v2","mode":"plain","cycle":87,"phase":"before","privateBytes":76222464,"workingSetBytes":60911616,"handles":643,"gdi":4,"user":8}
{"fixture":"dxui-menu-resources-v2","mode":"plain","cycle":87,"phase":"rendered","privateBytes":76423168,"workingSetBytes":61087744,"handles":649,"gdi":4,"user":9}
{"fixture":"dxui-menu-resources-v2","mode":"plain","cycle":87,"phase":"open","privateBytes":76423168,"workingSetBytes":61087744,"handles":649,"gdi":4,"user":9}
{"fixture":"dxui-menu-resources-v2","mode":"plain","cycle":87,"phase":"closed","privateBytes":76259328,"workingSetBytes":60923904,"handles":643,"gdi":4,"user":8}
{"fixture":"dxui-menu-resources-v2","mode":"plain","cycle":88,"phase":"before","privateBytes":76259328,"workingSetBytes":60923904,"handles":643,"gdi":4,"user":8}
{"fixture":"dxui-menu-resources-v2","mode":"plain","cycle":88,"phase":"rendered","privateBytes":76423168,"workingSetBytes":61083648,"handles":649,"gdi":4,"user":9}
{"fixture":"dxui-menu-resources-v2","mode":"plain","cycle":88,"phase":"open","privateBytes":76423168,"workingSetBytes":61083648,"handles":649,"gdi":4,"user":9}
{"fixture":"dxui-menu-resources-v2","mode":"plain","cycle":88,"phase":"closed","privateBytes":76234752,"workingSetBytes":60923904,"handles":644,"gdi":4,"user":8}
{"fixture":"dxui-menu-resources-v2","mode":"plain","cycle":89,"phase":"before","privateBytes":76234752,"workingSetBytes":60923904,"handles":643,"gdi":4,"user":8}
{"fixture":"dxui-menu-resources-v2","mode":"plain","cycle":89,"phase":"rendered","privateBytes":76423168,"workingSetBytes":61079552,"handles":649,"gdi":4,"user":9}
{"fixture":"dxui-menu-resources-v2","mode":"plain","cycle":89,"phase":"open","privateBytes":76423168,"workingSetBytes":61079552,"handles":649,"gdi":4,"user":9}
{"fixture":"dxui-menu-resources-v2","mode":"plain","cycle":89,"phase":"closed","privateBytes":76251136,"workingSetBytes":60915712,"handles":644,"gdi":4,"user":8}
{"fixture":"dxui-menu-resources-v2","mode":"plain","cycle":90,"phase":"before","privateBytes":76251136,"workingSetBytes":60915712,"handles":644,"gdi":4,"user":8}
{"fixture":"dxui-menu-resources-v2","mode":"plain","cycle":90,"phase":"rendered","privateBytes":76431360,"workingSetBytes":61095936,"handles":649,"gdi":4,"user":9}
{"fixture":"dxui-menu-resources-v2","mode":"plain","cycle":90,"phase":"open","privateBytes":76431360,"workingSetBytes":61157376,"handles":649,"gdi":4,"user":9}
{"fixture":"dxui-menu-resources-v2","mode":"plain","cycle":90,"phase":"closed","privateBytes":76230656,"workingSetBytes":60977152,"handles":645,"gdi":4,"user":8}
{"fixture":"dxui-menu-resources-v2","mode":"plain","cycle":91,"phase":"before","privateBytes":76230656,"workingSetBytes":60977152,"handles":644,"gdi":4,"user":8}
{"fixture":"dxui-menu-resources-v2","mode":"plain","cycle":91,"phase":"rendered","privateBytes":76431360,"workingSetBytes":61140992,"handles":649,"gdi":4,"user":9}
{"fixture":"dxui-menu-resources-v2","mode":"plain","cycle":91,"phase":"open","privateBytes":76431360,"workingSetBytes":61140992,"handles":649,"gdi":4,"user":9}
{"fixture":"dxui-menu-resources-v2","mode":"plain","cycle":91,"phase":"closed","privateBytes":76255232,"workingSetBytes":60981248,"handles":644,"gdi":4,"user":8}
{"fixture":"dxui-menu-resources-v2","mode":"plain","cycle":92,"phase":"before","privateBytes":76255232,"workingSetBytes":60981248,"handles":644,"gdi":4,"user":8}
{"fixture":"dxui-menu-resources-v2","mode":"plain","cycle":92,"phase":"rendered","privateBytes":76431360,"workingSetBytes":61149184,"handles":649,"gdi":4,"user":9}
{"fixture":"dxui-menu-resources-v2","mode":"plain","cycle":92,"phase":"open","privateBytes":76431360,"workingSetBytes":61149184,"handles":649,"gdi":4,"user":9}
{"fixture":"dxui-menu-resources-v2","mode":"plain","cycle":92,"phase":"closed","privateBytes":76222464,"workingSetBytes":60973056,"handles":643,"gdi":4,"user":8}
{"fixture":"dxui-menu-resources-v2","mode":"plain","cycle":93,"phase":"before","privateBytes":76222464,"workingSetBytes":60973056,"handles":643,"gdi":4,"user":8}
{"fixture":"dxui-menu-resources-v2","mode":"plain","cycle":93,"phase":"rendered","privateBytes":76431360,"workingSetBytes":61157376,"handles":649,"gdi":4,"user":9}
{"fixture":"dxui-menu-resources-v2","mode":"plain","cycle":93,"phase":"open","privateBytes":76431360,"workingSetBytes":61157376,"handles":649,"gdi":4,"user":9}
{"fixture":"dxui-menu-resources-v2","mode":"plain","cycle":93,"phase":"closed","privateBytes":76238848,"workingSetBytes":60989440,"handles":643,"gdi":4,"user":8}
{"fixture":"dxui-menu-resources-v2","mode":"plain","cycle":94,"phase":"before","privateBytes":76238848,"workingSetBytes":60989440,"handles":643,"gdi":4,"user":8}
{"fixture":"dxui-menu-resources-v2","mode":"plain","cycle":94,"phase":"rendered","privateBytes":76431360,"workingSetBytes":61153280,"handles":649,"gdi":4,"user":9}
{"fixture":"dxui-menu-resources-v2","mode":"plain","cycle":94,"phase":"open","privateBytes":76431360,"workingSetBytes":61153280,"handles":649,"gdi":4,"user":9}
{"fixture":"dxui-menu-resources-v2","mode":"plain","cycle":94,"phase":"closed","privateBytes":76226560,"workingSetBytes":60977152,"handles":644,"gdi":4,"user":8}
{"fixture":"dxui-menu-resources-v2","mode":"plain","cycle":95,"phase":"before","privateBytes":76226560,"workingSetBytes":60977152,"handles":643,"gdi":4,"user":8}
{"fixture":"dxui-menu-resources-v2","mode":"plain","cycle":95,"phase":"rendered","privateBytes":76431360,"workingSetBytes":61153280,"handles":649,"gdi":4,"user":9}
{"fixture":"dxui-menu-resources-v2","mode":"plain","cycle":95,"phase":"open","privateBytes":76431360,"workingSetBytes":61153280,"handles":649,"gdi":4,"user":9}
{"fixture":"dxui-menu-resources-v2","mode":"plain","cycle":95,"phase":"closed","privateBytes":76230656,"workingSetBytes":60981248,"handles":643,"gdi":4,"user":8}
{"fixture":"dxui-menu-resources-v2","mode":"described","cycle":0,"phase":"before","privateBytes":76230656,"workingSetBytes":60993536,"handles":643,"gdi":4,"user":8}
{"fixture":"dxui-menu-resources-v2","mode":"described","cycle":0,"phase":"rendered","privateBytes":76869632,"workingSetBytes":61800448,"handles":649,"gdi":4,"user":9}
{"fixture":"dxui-menu-resources-v2","mode":"described","widthPx":476,"heightPx":322,"captureBytes":613088}
{"fixture":"dxui-menu-resources-v2","mode":"described","cycle":0,"phase":"open","privateBytes":77484032,"workingSetBytes":62001152,"handles":649,"gdi":4,"user":9}
{"fixture":"dxui-menu-resources-v2","mode":"described","cycle":0,"phase":"closed","privateBytes":76214272,"workingSetBytes":61235200,"handles":643,"gdi":4,"user":8}
{"fixture":"dxui-menu-resources-v2","mode":"described","cycle":1,"phase":"before","privateBytes":76214272,"workingSetBytes":61235200,"handles":643,"gdi":4,"user":8}
{"fixture":"dxui-menu-resources-v2","mode":"described","cycle":1,"phase":"rendered","privateBytes":76939264,"workingSetBytes":61648896,"handles":649,"gdi":4,"user":9}
{"fixture":"dxui-menu-resources-v2","mode":"described","cycle":1,"phase":"open","privateBytes":77553664,"workingSetBytes":62263296,"handles":649,"gdi":4,"user":9}
{"fixture":"dxui-menu-resources-v2","mode":"described","cycle":1,"phase":"closed","privateBytes":76505088,"workingSetBytes":60805120,"handles":643,"gdi":4,"user":8}
{"fixture":"dxui-menu-resources-v2","mode":"described","cycle":2,"phase":"before","privateBytes":76505088,"workingSetBytes":60805120,"handles":643,"gdi":4,"user":8}
{"fixture":"dxui-menu-resources-v2","mode":"described","cycle":2,"phase":"rendered","privateBytes":77590528,"workingSetBytes":61861888,"handles":649,"gdi":4,"user":9}
{"fixture":"dxui-menu-resources-v2","mode":"described","cycle":2,"phase":"open","privateBytes":77590528,"workingSetBytes":61939712,"handles":649,"gdi":4,"user":9}
{"fixture":"dxui-menu-resources-v2","mode":"described","cycle":2,"phase":"closed","privateBytes":76267520,"workingSetBytes":60698624,"handles":643,"gdi":4,"user":8}
{"fixture":"dxui-menu-resources-v2","mode":"described","cycle":3,"phase":"before","privateBytes":76267520,"workingSetBytes":60698624,"handles":643,"gdi":4,"user":8}
{"fixture":"dxui-menu-resources-v2","mode":"described","cycle":3,"phase":"rendered","privateBytes":77590528,"workingSetBytes":61820928,"handles":649,"gdi":4,"user":9}
{"fixture":"dxui-menu-resources-v2","mode":"described","cycle":3,"phase":"open","privateBytes":77590528,"workingSetBytes":61902848,"handles":649,"gdi":4,"user":9}
{"fixture":"dxui-menu-resources-v2","mode":"described","cycle":3,"phase":"closed","privateBytes":76337152,"workingSetBytes":60805120,"handles":643,"gdi":4,"user":8}
{"fixture":"dxui-menu-resources-v2","mode":"described","cycle":4,"phase":"before","privateBytes":76337152,"workingSetBytes":60805120,"handles":643,"gdi":4,"user":8}
{"fixture":"dxui-menu-resources-v2","mode":"described","cycle":4,"phase":"rendered","privateBytes":77574144,"workingSetBytes":61800448,"handles":649,"gdi":4,"user":9}
{"fixture":"dxui-menu-resources-v2","mode":"described","cycle":4,"phase":"open","privateBytes":77574144,"workingSetBytes":62148608,"handles":649,"gdi":4,"user":9}
{"fixture":"dxui-menu-resources-v2","mode":"described","cycle":4,"phase":"closed","privateBytes":76070912,"workingSetBytes":60760064,"handles":643,"gdi":4,"user":8}
{"fixture":"dxui-menu-resources-v2","mode":"described","cycle":5,"phase":"before","privateBytes":76070912,"workingSetBytes":60760064,"handles":643,"gdi":4,"user":8}
{"fixture":"dxui-menu-resources-v2","mode":"described","cycle":5,"phase":"rendered","privateBytes":77574144,"workingSetBytes":61599744,"handles":649,"gdi":4,"user":9}
{"fixture":"dxui-menu-resources-v2","mode":"described","cycle":5,"phase":"open","privateBytes":77574144,"workingSetBytes":62066688,"handles":649,"gdi":4,"user":9}
{"fixture":"dxui-menu-resources-v2","mode":"described","cycle":5,"phase":"closed","privateBytes":76435456,"workingSetBytes":60760064,"handles":643,"gdi":4,"user":8}
{"fixture":"dxui-menu-resources-v2","mode":"described","cycle":6,"phase":"before","privateBytes":76435456,"workingSetBytes":60760064,"handles":643,"gdi":4,"user":8}
{"fixture":"dxui-menu-resources-v2","mode":"described","cycle":6,"phase":"rendered","privateBytes":77574144,"workingSetBytes":61546496,"handles":649,"gdi":4,"user":9}
{"fixture":"dxui-menu-resources-v2","mode":"described","cycle":6,"phase":"open","privateBytes":77574144,"workingSetBytes":62021632,"handles":649,"gdi":4,"user":9}
{"fixture":"dxui-menu-resources-v2","mode":"described","cycle":6,"phase":"closed","privateBytes":75653120,"workingSetBytes":60612608,"handles":643,"gdi":4,"user":8}
{"fixture":"dxui-menu-resources-v2","mode":"described","cycle":7,"phase":"before","privateBytes":75653120,"workingSetBytes":60612608,"handles":643,"gdi":4,"user":8}
{"fixture":"dxui-menu-resources-v2","mode":"described","cycle":7,"phase":"rendered","privateBytes":76668928,"workingSetBytes":61423616,"handles":649,"gdi":4,"user":9}
{"fixture":"dxui-menu-resources-v2","mode":"described","cycle":7,"phase":"open","privateBytes":77283328,"workingSetBytes":62033920,"handles":649,"gdi":4,"user":9}
{"fixture":"dxui-menu-resources-v2","mode":"described","cycle":7,"phase":"closed","privateBytes":76341248,"workingSetBytes":60723200,"handles":643,"gdi":4,"user":8}
{"fixture":"dxui-menu-resources-v2","mode":"described","cycle":8,"phase":"before","privateBytes":76341248,"workingSetBytes":60723200,"handles":643,"gdi":4,"user":8}
{"fixture":"dxui-menu-resources-v2","mode":"described","cycle":8,"phase":"rendered","privateBytes":77291520,"workingSetBytes":61530112,"handles":649,"gdi":4,"user":9}
{"fixture":"dxui-menu-resources-v2","mode":"described","cycle":8,"phase":"open","privateBytes":77291520,"workingSetBytes":61743104,"handles":649,"gdi":4,"user":9}
{"fixture":"dxui-menu-resources-v2","mode":"described","cycle":8,"phase":"closed","privateBytes":76091392,"workingSetBytes":60743680,"handles":643,"gdi":4,"user":8}
{"fixture":"dxui-menu-resources-v2","mode":"described","cycle":9,"phase":"before","privateBytes":76091392,"workingSetBytes":60743680,"handles":643,"gdi":4,"user":8}
{"fixture":"dxui-menu-resources-v2","mode":"described","cycle":9,"phase":"rendered","privateBytes":77279232,"workingSetBytes":61390848,"handles":649,"gdi":4,"user":9}
{"fixture":"dxui-menu-resources-v2","mode":"described","cycle":9,"phase":"open","privateBytes":77279232,"workingSetBytes":61739008,"handles":649,"gdi":4,"user":9}
{"fixture":"dxui-menu-resources-v2","mode":"described","cycle":9,"phase":"closed","privateBytes":75984896,"workingSetBytes":60735488,"handles":643,"gdi":4,"user":8}
{"fixture":"dxui-menu-resources-v2","mode":"described","cycle":10,"phase":"before","privateBytes":75984896,"workingSetBytes":60735488,"handles":643,"gdi":4,"user":8}
{"fixture":"dxui-menu-resources-v2","mode":"described","cycle":10,"phase":"rendered","privateBytes":77295616,"workingSetBytes":61419520,"handles":649,"gdi":4,"user":9}
{"fixture":"dxui-menu-resources-v2","mode":"described","cycle":10,"phase":"open","privateBytes":77910016,"workingSetBytes":61984768,"handles":649,"gdi":4,"user":9}
{"fixture":"dxui-menu-resources-v2","mode":"described","cycle":10,"phase":"closed","privateBytes":76472320,"workingSetBytes":60747776,"handles":643,"gdi":4,"user":8}
{"fixture":"dxui-menu-resources-v2","mode":"described","cycle":11,"phase":"before","privateBytes":76472320,"workingSetBytes":60747776,"handles":643,"gdi":4,"user":8}
{"fixture":"dxui-menu-resources-v2","mode":"described","cycle":11,"phase":"rendered","privateBytes":76824576,"workingSetBytes":61386752,"handles":649,"gdi":4,"user":9}
{"fixture":"dxui-menu-resources-v2","mode":"described","cycle":11,"phase":"open","privateBytes":77438976,"workingSetBytes":61730816,"handles":649,"gdi":4,"user":9}
{"fixture":"dxui-menu-resources-v2","mode":"described","cycle":11,"phase":"closed","privateBytes":76095488,"workingSetBytes":60751872,"handles":643,"gdi":4,"user":8}
{"fixture":"dxui-menu-resources-v2","mode":"described","cycle":12,"phase":"before","privateBytes":76095488,"workingSetBytes":60751872,"handles":643,"gdi":4,"user":8}
{"fixture":"dxui-menu-resources-v2","mode":"described","cycle":12,"phase":"rendered","privateBytes":77443072,"workingSetBytes":61378560,"handles":649,"gdi":4,"user":9}
{"fixture":"dxui-menu-resources-v2","mode":"described","cycle":12,"phase":"open","privateBytes":77443072,"workingSetBytes":61722624,"handles":649,"gdi":4,"user":9}
{"fixture":"dxui-menu-resources-v2","mode":"described","cycle":12,"phase":"closed","privateBytes":75857920,"workingSetBytes":60755968,"handles":643,"gdi":4,"user":8}
{"fixture":"dxui-menu-resources-v2","mode":"described","cycle":13,"phase":"before","privateBytes":75857920,"workingSetBytes":60755968,"handles":643,"gdi":4,"user":8}
{"fixture":"dxui-menu-resources-v2","mode":"described","cycle":13,"phase":"rendered","privateBytes":77443072,"workingSetBytes":61390848,"handles":649,"gdi":4,"user":9}
{"fixture":"dxui-menu-resources-v2","mode":"described","cycle":13,"phase":"open","privateBytes":77443072,"workingSetBytes":62001152,"handles":649,"gdi":4,"user":9}
{"fixture":"dxui-menu-resources-v2","mode":"described","cycle":13,"phase":"closed","privateBytes":76361728,"workingSetBytes":60747776,"handles":643,"gdi":4,"user":8}
{"fixture":"dxui-menu-resources-v2","mode":"described","cycle":14,"phase":"before","privateBytes":76361728,"workingSetBytes":60747776,"handles":643,"gdi":4,"user":8}
{"fixture":"dxui-menu-resources-v2","mode":"described","cycle":14,"phase":"rendered","privateBytes":77443072,"workingSetBytes":61800448,"handles":649,"gdi":4,"user":9}
{"fixture":"dxui-menu-resources-v2","mode":"described","cycle":14,"phase":"open","privateBytes":77443072,"workingSetBytes":61878272,"handles":649,"gdi":4,"user":9}
{"fixture":"dxui-menu-resources-v2","mode":"described","cycle":14,"phase":"closed","privateBytes":76087296,"workingSetBytes":60743680,"handles":643,"gdi":4,"user":8}
{"fixture":"dxui-menu-resources-v2","mode":"described","cycle":15,"phase":"before","privateBytes":76087296,"workingSetBytes":60743680,"handles":643,"gdi":4,"user":8}
{"fixture":"dxui-menu-resources-v2","mode":"described","cycle":15,"phase":"rendered","privateBytes":77422592,"workingSetBytes":61480960,"handles":649,"gdi":4,"user":9}
{"fixture":"dxui-menu-resources-v2","mode":"described","cycle":15,"phase":"open","privateBytes":77422592,"workingSetBytes":61829120,"handles":649,"gdi":4,"user":9}
{"fixture":"dxui-menu-resources-v2","mode":"described","cycle":15,"phase":"closed","privateBytes":76132352,"workingSetBytes":60702720,"handles":643,"gdi":4,"user":8}
{"fixture":"dxui-menu-resources-v2","mode":"described","cycle":16,"phase":"before","privateBytes":76132352,"workingSetBytes":60702720,"handles":643,"gdi":4,"user":8}
{"fixture":"dxui-menu-resources-v2","mode":"described","cycle":16,"phase":"rendered","privateBytes":77422592,"workingSetBytes":61808640,"handles":649,"gdi":4,"user":9}
{"fixture":"dxui-menu-resources-v2","mode":"described","cycle":16,"phase":"open","privateBytes":78036992,"workingSetBytes":62271488,"handles":649,"gdi":4,"user":9}
{"fixture":"dxui-menu-resources-v2","mode":"described","cycle":16,"phase":"closed","privateBytes":75571200,"workingSetBytes":60633088,"handles":643,"gdi":4,"user":8}
{"fixture":"dxui-menu-resources-v2","mode":"described","cycle":17,"phase":"before","privateBytes":75571200,"workingSetBytes":60633088,"handles":643,"gdi":4,"user":8}
{"fixture":"dxui-menu-resources-v2","mode":"described","cycle":17,"phase":"rendered","privateBytes":76943360,"workingSetBytes":61657088,"handles":649,"gdi":4,"user":9}
{"fixture":"dxui-menu-resources-v2","mode":"described","cycle":17,"phase":"open","privateBytes":77557760,"workingSetBytes":62271488,"handles":649,"gdi":4,"user":9}
{"fixture":"dxui-menu-resources-v2","mode":"described","cycle":17,"phase":"closed","privateBytes":76390400,"workingSetBytes":60768256,"handles":643,"gdi":4,"user":8}
{"fixture":"dxui-menu-resources-v2","mode":"described","cycle":18,"phase":"before","privateBytes":76390400,"workingSetBytes":60768256,"handles":643,"gdi":4,"user":8}
{"fixture":"dxui-menu-resources-v2","mode":"described","cycle":18,"phase":"rendered","privateBytes":77565952,"workingSetBytes":61681664,"handles":649,"gdi":4,"user":9}
{"fixture":"dxui-menu-resources-v2","mode":"described","cycle":18,"phase":"open","privateBytes":77565952,"workingSetBytes":62025728,"handles":649,"gdi":4,"user":9}
{"fixture":"dxui-menu-resources-v2","mode":"described","cycle":18,"phase":"closed","privateBytes":76427264,"workingSetBytes":60747776,"handles":643,"gdi":4,"user":8}
{"fixture":"dxui-menu-resources-v2","mode":"described","cycle":19,"phase":"before","privateBytes":76427264,"workingSetBytes":60747776,"handles":643,"gdi":4,"user":8}
{"fixture":"dxui-menu-resources-v2","mode":"described","cycle":19,"phase":"rendered","privateBytes":76726272,"workingSetBytes":61399040,"handles":649,"gdi":4,"user":9}
{"fixture":"dxui-menu-resources-v2","mode":"described","cycle":19,"phase":"open","privateBytes":77537280,"workingSetBytes":62013440,"handles":649,"gdi":4,"user":9}
{"fixture":"dxui-menu-resources-v2","mode":"described","cycle":19,"phase":"closed","privateBytes":76193792,"workingSetBytes":60723200,"handles":643,"gdi":4,"user":8}
{"fixture":"dxui-menu-resources-v2","mode":"described","cycle":20,"phase":"before","privateBytes":76193792,"workingSetBytes":60723200,"handles":643,"gdi":4,"user":8}
{"fixture":"dxui-menu-resources-v2","mode":"described","cycle":20,"phase":"rendered","privateBytes":76754944,"workingSetBytes":61394944,"handles":649,"gdi":4,"user":9}
{"fixture":"dxui-menu-resources-v2","mode":"described","cycle":20,"phase":"open","privateBytes":77565952,"workingSetBytes":62009344,"handles":649,"gdi":4,"user":9}
{"fixture":"dxui-menu-resources-v2","mode":"described","cycle":20,"phase":"closed","privateBytes":76374016,"workingSetBytes":60768256,"handles":643,"gdi":4,"user":8}
{"fixture":"dxui-menu-resources-v2","mode":"described","cycle":21,"phase":"before","privateBytes":76374016,"workingSetBytes":60768256,"handles":643,"gdi":4,"user":8}
{"fixture":"dxui-menu-resources-v2","mode":"described","cycle":21,"phase":"rendered","privateBytes":77557760,"workingSetBytes":61833216,"handles":649,"gdi":4,"user":9}
{"fixture":"dxui-menu-resources-v2","mode":"described","cycle":21,"phase":"open","privateBytes":77557760,"workingSetBytes":62038016,"handles":649,"gdi":4,"user":9}
{"fixture":"dxui-menu-resources-v2","mode":"described","cycle":21,"phase":"closed","privateBytes":75550720,"workingSetBytes":60616704,"handles":643,"gdi":4,"user":8}
{"fixture":"dxui-menu-resources-v2","mode":"described","cycle":22,"phase":"before","privateBytes":75550720,"workingSetBytes":60616704,"handles":643,"gdi":4,"user":8}
{"fixture":"dxui-menu-resources-v2","mode":"described","cycle":22,"phase":"rendered","privateBytes":77025280,"workingSetBytes":61476864,"handles":649,"gdi":4,"user":9}
{"fixture":"dxui-menu-resources-v2","mode":"described","cycle":22,"phase":"open","privateBytes":77639680,"workingSetBytes":62058496,"handles":649,"gdi":4,"user":9}
{"fixture":"dxui-menu-resources-v2","mode":"described","cycle":22,"phase":"closed","privateBytes":76611584,"workingSetBytes":60809216,"handles":643,"gdi":4,"user":8}
{"fixture":"dxui-menu-resources-v2","mode":"described","cycle":23,"phase":"before","privateBytes":76611584,"workingSetBytes":60809216,"handles":643,"gdi":4,"user":8}
{"fixture":"dxui-menu-resources-v2","mode":"described","cycle":23,"phase":"rendered","privateBytes":77619200,"workingSetBytes":61603840,"handles":649,"gdi":4,"user":9}
{"fixture":"dxui-menu-resources-v2","mode":"described","cycle":23,"phase":"open","privateBytes":77619200,"workingSetBytes":61816832,"handles":649,"gdi":4,"user":9}
{"fixture":"dxui-menu-resources-v2","mode":"described","cycle":23,"phase":"closed","privateBytes":76374016,"workingSetBytes":60809216,"handles":643,"gdi":4,"user":8}
{"fixture":"dxui-menu-resources-v2","mode":"described","cycle":24,"phase":"before","privateBytes":76374016,"workingSetBytes":60809216,"handles":643,"gdi":4,"user":8}
{"fixture":"dxui-menu-resources-v2","mode":"described","cycle":24,"phase":"rendered","privateBytes":77639680,"workingSetBytes":61485056,"handles":649,"gdi":4,"user":9}
{"fixture":"dxui-menu-resources-v2","mode":"described","cycle":24,"phase":"open","privateBytes":77639680,"workingSetBytes":61833216,"handles":649,"gdi":4,"user":9}
{"fixture":"dxui-menu-resources-v2","mode":"described","cycle":24,"phase":"closed","privateBytes":76587008,"workingSetBytes":60805120,"handles":643,"gdi":4,"user":8}
{"fixture":"dxui-menu-resources-v2","mode":"described","cycle":25,"phase":"before","privateBytes":76587008,"workingSetBytes":60805120,"handles":643,"gdi":4,"user":8}
{"fixture":"dxui-menu-resources-v2","mode":"described","cycle":25,"phase":"rendered","privateBytes":77639680,"workingSetBytes":61657088,"handles":649,"gdi":4,"user":9}
{"fixture":"dxui-menu-resources-v2","mode":"described","cycle":25,"phase":"open","privateBytes":77639680,"workingSetBytes":62005248,"handles":649,"gdi":4,"user":9}
{"fixture":"dxui-menu-resources-v2","mode":"described","cycle":25,"phase":"closed","privateBytes":76345344,"workingSetBytes":60862464,"handles":643,"gdi":4,"user":8}
{"fixture":"dxui-menu-resources-v2","mode":"described","cycle":26,"phase":"before","privateBytes":76345344,"workingSetBytes":60862464,"handles":643,"gdi":4,"user":8}
{"fixture":"dxui-menu-resources-v2","mode":"described","cycle":26,"phase":"rendered","privateBytes":77623296,"workingSetBytes":61652992,"handles":649,"gdi":4,"user":9}
{"fixture":"dxui-menu-resources-v2","mode":"described","cycle":26,"phase":"open","privateBytes":77623296,"workingSetBytes":62001152,"handles":649,"gdi":4,"user":9}
{"fixture":"dxui-menu-resources-v2","mode":"described","cycle":26,"phase":"closed","privateBytes":76353536,"workingSetBytes":60882944,"handles":643,"gdi":4,"user":8}
{"fixture":"dxui-menu-resources-v2","mode":"described","cycle":27,"phase":"before","privateBytes":76353536,"workingSetBytes":60882944,"handles":643,"gdi":4,"user":8}
{"fixture":"dxui-menu-resources-v2","mode":"described","cycle":27,"phase":"rendered","privateBytes":77627392,"workingSetBytes":61652992,"handles":649,"gdi":4,"user":9}
{"fixture":"dxui-menu-resources-v2","mode":"described","cycle":27,"phase":"open","privateBytes":77627392,"workingSetBytes":62001152,"handles":649,"gdi":4,"user":9}
{"fixture":"dxui-menu-resources-v2","mode":"described","cycle":27,"phase":"closed","privateBytes":76365824,"workingSetBytes":60878848,"handles":643,"gdi":4,"user":8}
{"fixture":"dxui-menu-resources-v2","mode":"described","cycle":28,"phase":"before","privateBytes":76365824,"workingSetBytes":60878848,"handles":643,"gdi":4,"user":8}
{"fixture":"dxui-menu-resources-v2","mode":"described","cycle":28,"phase":"rendered","privateBytes":77639680,"workingSetBytes":61689856,"handles":649,"gdi":4,"user":9}
{"fixture":"dxui-menu-resources-v2","mode":"described","cycle":28,"phase":"open","privateBytes":77639680,"workingSetBytes":62038016,"handles":649,"gdi":4,"user":9}
{"fixture":"dxui-menu-resources-v2","mode":"described","cycle":28,"phase":"closed","privateBytes":77176832,"workingSetBytes":60891136,"handles":643,"gdi":4,"user":8}
{"fixture":"dxui-menu-resources-v2","mode":"described","cycle":29,"phase":"before","privateBytes":77176832,"workingSetBytes":60891136,"handles":643,"gdi":4,"user":8}
{"fixture":"dxui-menu-resources-v2","mode":"described","cycle":29,"phase":"rendered","privateBytes":77639680,"workingSetBytes":61677568,"handles":649,"gdi":4,"user":9}
{"fixture":"dxui-menu-resources-v2","mode":"described","cycle":29,"phase":"open","privateBytes":77639680,"workingSetBytes":62025728,"handles":649,"gdi":4,"user":9}
{"fixture":"dxui-menu-resources-v2","mode":"described","cycle":29,"phase":"closed","privateBytes":76390400,"workingSetBytes":60878848,"handles":643,"gdi":4,"user":8}
{"fixture":"dxui-menu-resources-v2","mode":"described","cycle":30,"phase":"before","privateBytes":76390400,"workingSetBytes":60878848,"handles":643,"gdi":4,"user":8}
{"fixture":"dxui-menu-resources-v2","mode":"described","cycle":30,"phase":"rendered","privateBytes":77623296,"workingSetBytes":61661184,"handles":649,"gdi":4,"user":9}
{"fixture":"dxui-menu-resources-v2","mode":"described","cycle":30,"phase":"open","privateBytes":77623296,"workingSetBytes":62009344,"handles":649,"gdi":4,"user":9}
{"fixture":"dxui-menu-resources-v2","mode":"described","cycle":30,"phase":"closed","privateBytes":76361728,"workingSetBytes":60874752,"handles":643,"gdi":4,"user":8}
{"fixture":"dxui-menu-resources-v2","mode":"described","cycle":31,"phase":"before","privateBytes":76361728,"workingSetBytes":60874752,"handles":643,"gdi":4,"user":8}
{"fixture":"dxui-menu-resources-v2","mode":"described","cycle":31,"phase":"rendered","privateBytes":77639680,"workingSetBytes":61636608,"handles":649,"gdi":4,"user":9}
{"fixture":"dxui-menu-resources-v2","mode":"described","cycle":31,"phase":"open","privateBytes":77639680,"workingSetBytes":61984768,"handles":649,"gdi":4,"user":9}
{"fixture":"dxui-menu-resources-v2","mode":"described","cycle":31,"phase":"closed","privateBytes":76333056,"workingSetBytes":60858368,"handles":643,"gdi":4,"user":8}
{"fixture":"dxui-menu-resources-v2","mode":"described","cycle":32,"phase":"before","privateBytes":76333056,"workingSetBytes":60858368,"handles":643,"gdi":4,"user":8}
{"fixture":"dxui-menu-resources-v2","mode":"described","cycle":32,"phase":"rendered","privateBytes":77639680,"workingSetBytes":61939712,"handles":649,"gdi":4,"user":9}
{"fixture":"dxui-menu-resources-v2","mode":"described","cycle":32,"phase":"open","privateBytes":77639680,"workingSetBytes":62021632,"handles":649,"gdi":4,"user":9}
{"fixture":"dxui-menu-resources-v2","mode":"described","cycle":32,"phase":"closed","privateBytes":76374016,"workingSetBytes":60899328,"handles":643,"gdi":4,"user":8}
{"fixture":"dxui-menu-resources-v2","mode":"described","cycle":33,"phase":"before","privateBytes":76374016,"workingSetBytes":60899328,"handles":643,"gdi":4,"user":8}
{"fixture":"dxui-menu-resources-v2","mode":"described","cycle":33,"phase":"rendered","privateBytes":77623296,"workingSetBytes":61665280,"handles":649,"gdi":4,"user":9}
{"fixture":"dxui-menu-resources-v2","mode":"described","cycle":33,"phase":"open","privateBytes":77623296,"workingSetBytes":62013440,"handles":649,"gdi":4,"user":9}
{"fixture":"dxui-menu-resources-v2","mode":"described","cycle":33,"phase":"closed","privateBytes":76382208,"workingSetBytes":60903424,"handles":643,"gdi":4,"user":8}
{"fixture":"dxui-menu-resources-v2","mode":"described","cycle":34,"phase":"before","privateBytes":76382208,"workingSetBytes":60903424,"handles":643,"gdi":4,"user":8}
{"fixture":"dxui-menu-resources-v2","mode":"described","cycle":34,"phase":"rendered","privateBytes":77598720,"workingSetBytes":61652992,"handles":649,"gdi":4,"user":9}
{"fixture":"dxui-menu-resources-v2","mode":"described","cycle":34,"phase":"open","privateBytes":77598720,"workingSetBytes":62001152,"handles":649,"gdi":4,"user":9}
{"fixture":"dxui-menu-resources-v2","mode":"described","cycle":34,"phase":"closed","privateBytes":76349440,"workingSetBytes":60887040,"handles":643,"gdi":4,"user":8}
{"fixture":"dxui-menu-resources-v2","mode":"described","cycle":35,"phase":"before","privateBytes":76349440,"workingSetBytes":60887040,"handles":643,"gdi":4,"user":8}
{"fixture":"dxui-menu-resources-v2","mode":"described","cycle":35,"phase":"rendered","privateBytes":77623296,"workingSetBytes":61939712,"handles":649,"gdi":4,"user":9}
{"fixture":"dxui-menu-resources-v2","mode":"described","cycle":35,"phase":"open","privateBytes":77623296,"workingSetBytes":62021632,"handles":649,"gdi":4,"user":9}
{"fixture":"dxui-menu-resources-v2","mode":"described","cycle":35,"phase":"closed","privateBytes":76378112,"workingSetBytes":60899328,"handles":643,"gdi":4,"user":8}
{"fixture":"dxui-menu-resources-v2","mode":"described","cycle":36,"phase":"before","privateBytes":76378112,"workingSetBytes":60899328,"handles":643,"gdi":4,"user":8}
{"fixture":"dxui-menu-resources-v2","mode":"described","cycle":36,"phase":"rendered","privateBytes":77598720,"workingSetBytes":61665280,"handles":649,"gdi":4,"user":9}
{"fixture":"dxui-menu-resources-v2","mode":"described","cycle":36,"phase":"open","privateBytes":77598720,"workingSetBytes":62013440,"handles":649,"gdi":4,"user":9}
{"fixture":"dxui-menu-resources-v2","mode":"described","cycle":36,"phase":"closed","privateBytes":76386304,"workingSetBytes":60891136,"handles":643,"gdi":4,"user":8}
{"fixture":"dxui-menu-resources-v2","mode":"described","cycle":37,"phase":"before","privateBytes":76386304,"workingSetBytes":60891136,"handles":643,"gdi":4,"user":8}
{"fixture":"dxui-menu-resources-v2","mode":"described","cycle":37,"phase":"rendered","privateBytes":77615104,"workingSetBytes":61652992,"handles":649,"gdi":4,"user":9}
{"fixture":"dxui-menu-resources-v2","mode":"described","cycle":37,"phase":"open","privateBytes":77615104,"workingSetBytes":62001152,"handles":649,"gdi":4,"user":9}
{"fixture":"dxui-menu-resources-v2","mode":"described","cycle":37,"phase":"closed","privateBytes":76365824,"workingSetBytes":60887040,"handles":643,"gdi":4,"user":8}
{"fixture":"dxui-menu-resources-v2","mode":"described","cycle":38,"phase":"before","privateBytes":76365824,"workingSetBytes":60887040,"handles":643,"gdi":4,"user":8}
{"fixture":"dxui-menu-resources-v2","mode":"described","cycle":38,"phase":"rendered","privateBytes":77647872,"workingSetBytes":61698048,"handles":649,"gdi":4,"user":9}
{"fixture":"dxui-menu-resources-v2","mode":"described","cycle":38,"phase":"open","privateBytes":77647872,"workingSetBytes":62046208,"handles":649,"gdi":4,"user":9}
{"fixture":"dxui-menu-resources-v2","mode":"described","cycle":38,"phase":"closed","privateBytes":76394496,"workingSetBytes":60936192,"handles":643,"gdi":4,"user":8}
{"fixture":"dxui-menu-resources-v2","mode":"described","cycle":39,"phase":"before","privateBytes":76394496,"workingSetBytes":60936192,"handles":643,"gdi":4,"user":8}
{"fixture":"dxui-menu-resources-v2","mode":"described","cycle":39,"phase":"rendered","privateBytes":77647872,"workingSetBytes":61698048,"handles":649,"gdi":4,"user":9}
{"fixture":"dxui-menu-resources-v2","mode":"described","cycle":39,"phase":"open","privateBytes":77647872,"workingSetBytes":62046208,"handles":649,"gdi":4,"user":9}
{"fixture":"dxui-menu-resources-v2","mode":"described","cycle":39,"phase":"closed","privateBytes":76423168,"workingSetBytes":60948480,"handles":644,"gdi":4,"user":8}
{"fixture":"dxui-menu-resources-v2","mode":"described","cycle":40,"phase":"before","privateBytes":76423168,"workingSetBytes":60948480,"handles":644,"gdi":4,"user":8}
{"fixture":"dxui-menu-resources-v2","mode":"described","cycle":40,"phase":"rendered","privateBytes":76832768,"workingSetBytes":61644800,"handles":649,"gdi":4,"user":9}
{"fixture":"dxui-menu-resources-v2","mode":"described","cycle":40,"phase":"open","privateBytes":77647872,"workingSetBytes":62259200,"handles":649,"gdi":4,"user":9}
{"fixture":"dxui-menu-resources-v2","mode":"described","cycle":40,"phase":"closed","privateBytes":76943360,"workingSetBytes":60932096,"handles":643,"gdi":4,"user":8}
{"fixture":"dxui-menu-resources-v2","mode":"described","cycle":41,"phase":"before","privateBytes":76943360,"workingSetBytes":60932096,"handles":643,"gdi":4,"user":8}
{"fixture":"dxui-menu-resources-v2","mode":"described","cycle":41,"phase":"rendered","privateBytes":77647872,"workingSetBytes":61632512,"handles":649,"gdi":4,"user":9}
{"fixture":"dxui-menu-resources-v2","mode":"described","cycle":41,"phase":"open","privateBytes":77647872,"workingSetBytes":62267392,"handles":649,"gdi":4,"user":9}
{"fixture":"dxui-menu-resources-v2","mode":"described","cycle":41,"phase":"closed","privateBytes":76226560,"workingSetBytes":61014016,"handles":643,"gdi":4,"user":8}
{"fixture":"dxui-menu-resources-v2","mode":"described","cycle":42,"phase":"before","privateBytes":76226560,"workingSetBytes":61014016,"handles":643,"gdi":4,"user":8}
{"fixture":"dxui-menu-resources-v2","mode":"described","cycle":42,"phase":"rendered","privateBytes":77606912,"workingSetBytes":61947904,"handles":649,"gdi":4,"user":9}
{"fixture":"dxui-menu-resources-v2","mode":"described","cycle":42,"phase":"open","privateBytes":77606912,"workingSetBytes":62296064,"handles":649,"gdi":4,"user":9}
{"fixture":"dxui-menu-resources-v2","mode":"described","cycle":42,"phase":"closed","privateBytes":76271616,"workingSetBytes":61042688,"handles":643,"gdi":4,"user":8}
{"fixture":"dxui-menu-resources-v2","mode":"described","cycle":43,"phase":"before","privateBytes":76271616,"workingSetBytes":61042688,"handles":643,"gdi":4,"user":8}
{"fixture":"dxui-menu-resources-v2","mode":"described","cycle":43,"phase":"rendered","privateBytes":77668352,"workingSetBytes":61771776,"handles":649,"gdi":4,"user":9}
{"fixture":"dxui-menu-resources-v2","mode":"described","cycle":43,"phase":"open","privateBytes":77668352,"workingSetBytes":62119936,"handles":649,"gdi":4,"user":9}
{"fixture":"dxui-menu-resources-v2","mode":"described","cycle":43,"phase":"closed","privateBytes":76054528,"workingSetBytes":61009920,"handles":643,"gdi":4,"user":8}
{"fixture":"dxui-menu-resources-v2","mode":"described","cycle":44,"phase":"before","privateBytes":76054528,"workingSetBytes":61009920,"handles":643,"gdi":4,"user":8}
{"fixture":"dxui-menu-resources-v2","mode":"described","cycle":44,"phase":"rendered","privateBytes":77623296,"workingSetBytes":61935616,"handles":649,"gdi":4,"user":9}
{"fixture":"dxui-menu-resources-v2","mode":"described","cycle":44,"phase":"open","privateBytes":78237696,"workingSetBytes":62550016,"handles":649,"gdi":4,"user":9}
{"fixture":"dxui-menu-resources-v2","mode":"described","cycle":44,"phase":"closed","privateBytes":76480512,"workingSetBytes":61026304,"handles":643,"gdi":4,"user":8}
{"fixture":"dxui-menu-resources-v2","mode":"described","cycle":45,"phase":"before","privateBytes":76480512,"workingSetBytes":61026304,"handles":643,"gdi":4,"user":8}
{"fixture":"dxui-menu-resources-v2","mode":"described","cycle":45,"phase":"rendered","privateBytes":78237696,"workingSetBytes":61960192,"handles":649,"gdi":4,"user":9}
{"fixture":"dxui-menu-resources-v2","mode":"described","cycle":45,"phase":"open","privateBytes":78237696,"workingSetBytes":62435328,"handles":649,"gdi":4,"user":9}
{"fixture":"dxui-menu-resources-v2","mode":"described","cycle":45,"phase":"closed","privateBytes":76525568,"workingSetBytes":60952576,"handles":643,"gdi":4,"user":8}
{"fixture":"dxui-menu-resources-v2","mode":"described","cycle":46,"phase":"before","privateBytes":76525568,"workingSetBytes":60952576,"handles":643,"gdi":4,"user":8}
{"fixture":"dxui-menu-resources-v2","mode":"described","cycle":46,"phase":"rendered","privateBytes":78233600,"workingSetBytes":61861888,"handles":649,"gdi":4,"user":9}
{"fixture":"dxui-menu-resources-v2","mode":"described","cycle":46,"phase":"open","privateBytes":78233600,"workingSetBytes":62144512,"handles":649,"gdi":4,"user":9}
{"fixture":"dxui-menu-resources-v2","mode":"described","cycle":46,"phase":"closed","privateBytes":76541952,"workingSetBytes":60977152,"handles":643,"gdi":4,"user":8}
{"fixture":"dxui-menu-resources-v2","mode":"described","cycle":47,"phase":"before","privateBytes":76541952,"workingSetBytes":60977152,"handles":643,"gdi":4,"user":8}
{"fixture":"dxui-menu-resources-v2","mode":"described","cycle":47,"phase":"rendered","privateBytes":77471744,"workingSetBytes":61898752,"handles":649,"gdi":4,"user":9}
{"fixture":"dxui-menu-resources-v2","mode":"described","cycle":47,"phase":"open","privateBytes":77471744,"workingSetBytes":62148608,"handles":649,"gdi":4,"user":9}
{"fixture":"dxui-menu-resources-v2","mode":"described","cycle":47,"phase":"closed","privateBytes":76103680,"workingSetBytes":61005824,"handles":643,"gdi":4,"user":8}
{"fixture":"dxui-menu-resources-v2","mode":"described","cycle":48,"phase":"before","privateBytes":76103680,"workingSetBytes":61005824,"handles":643,"gdi":4,"user":8}
{"fixture":"dxui-menu-resources-v2","mode":"described","cycle":48,"phase":"rendered","privateBytes":77479936,"workingSetBytes":62107648,"handles":649,"gdi":4,"user":9}
{"fixture":"dxui-menu-resources-v2","mode":"described","cycle":48,"phase":"open","privateBytes":78295040,"workingSetBytes":62722048,"handles":649,"gdi":4,"user":9}
{"fixture":"dxui-menu-resources-v2","mode":"described","cycle":48,"phase":"closed","privateBytes":76406784,"workingSetBytes":61046784,"handles":643,"gdi":4,"user":8}
{"fixture":"dxui-menu-resources-v2","mode":"described","cycle":49,"phase":"before","privateBytes":76406784,"workingSetBytes":61046784,"handles":643,"gdi":4,"user":8}
{"fixture":"dxui-menu-resources-v2","mode":"described","cycle":49,"phase":"rendered","privateBytes":77479936,"workingSetBytes":62144512,"handles":649,"gdi":4,"user":9}
{"fixture":"dxui-menu-resources-v2","mode":"described","cycle":49,"phase":"open","privateBytes":78295040,"workingSetBytes":62758912,"handles":649,"gdi":4,"user":9}
{"fixture":"dxui-menu-resources-v2","mode":"described","cycle":49,"phase":"closed","privateBytes":76529664,"workingSetBytes":61104128,"handles":643,"gdi":4,"user":8}
{"fixture":"dxui-menu-resources-v2","mode":"described","cycle":50,"phase":"before","privateBytes":76529664,"workingSetBytes":61104128,"handles":643,"gdi":4,"user":8}
{"fixture":"dxui-menu-resources-v2","mode":"described","cycle":50,"phase":"rendered","privateBytes":77475840,"workingSetBytes":62210048,"handles":649,"gdi":4,"user":9}
{"fixture":"dxui-menu-resources-v2","mode":"described","cycle":50,"phase":"open","privateBytes":78290944,"workingSetBytes":62824448,"handles":649,"gdi":4,"user":9}
{"fixture":"dxui-menu-resources-v2","mode":"described","cycle":50,"phase":"closed","privateBytes":76521472,"workingSetBytes":61038592,"handles":643,"gdi":4,"user":8}
{"fixture":"dxui-menu-resources-v2","mode":"described","cycle":51,"phase":"before","privateBytes":76521472,"workingSetBytes":61038592,"handles":643,"gdi":4,"user":8}
{"fixture":"dxui-menu-resources-v2","mode":"described","cycle":51,"phase":"rendered","privateBytes":77434880,"workingSetBytes":62197760,"handles":649,"gdi":4,"user":9}
{"fixture":"dxui-menu-resources-v2","mode":"described","cycle":51,"phase":"open","privateBytes":78249984,"workingSetBytes":62812160,"handles":649,"gdi":4,"user":9}
{"fixture":"dxui-menu-resources-v2","mode":"described","cycle":51,"phase":"closed","privateBytes":76398592,"workingSetBytes":61083648,"handles":643,"gdi":4,"user":8}
{"fixture":"dxui-menu-resources-v2","mode":"described","cycle":52,"phase":"before","privateBytes":76398592,"workingSetBytes":61083648,"handles":643,"gdi":4,"user":8}
{"fixture":"dxui-menu-resources-v2","mode":"described","cycle":52,"phase":"rendered","privateBytes":77434880,"workingSetBytes":61833216,"handles":649,"gdi":4,"user":9}
{"fixture":"dxui-menu-resources-v2","mode":"described","cycle":52,"phase":"open","privateBytes":78249984,"workingSetBytes":62447616,"handles":649,"gdi":4,"user":9}
{"fixture":"dxui-menu-resources-v2","mode":"described","cycle":52,"phase":"closed","privateBytes":75960320,"workingSetBytes":61009920,"handles":643,"gdi":4,"user":8}
{"fixture":"dxui-menu-resources-v2","mode":"described","cycle":53,"phase":"before","privateBytes":75960320,"workingSetBytes":61009920,"handles":643,"gdi":4,"user":8}
{"fixture":"dxui-menu-resources-v2","mode":"described","cycle":53,"phase":"rendered","privateBytes":77479936,"workingSetBytes":62107648,"handles":649,"gdi":4,"user":9}
{"fixture":"dxui-menu-resources-v2","mode":"described","cycle":53,"phase":"open","privateBytes":78295040,"workingSetBytes":62722048,"handles":649,"gdi":4,"user":9}
{"fixture":"dxui-menu-resources-v2","mode":"described","cycle":53,"phase":"closed","privateBytes":76386304,"workingSetBytes":61034496,"handles":643,"gdi":4,"user":8}
{"fixture":"dxui-menu-resources-v2","mode":"described","cycle":54,"phase":"before","privateBytes":76386304,"workingSetBytes":61034496,"handles":643,"gdi":4,"user":8}
{"fixture":"dxui-menu-resources-v2","mode":"described","cycle":54,"phase":"rendered","privateBytes":77484032,"workingSetBytes":61906944,"handles":649,"gdi":4,"user":9}
{"fixture":"dxui-menu-resources-v2","mode":"described","cycle":54,"phase":"open","privateBytes":78299136,"workingSetBytes":62525440,"handles":649,"gdi":4,"user":9}
{"fixture":"dxui-menu-resources-v2","mode":"described","cycle":54,"phase":"closed","privateBytes":77086720,"workingSetBytes":61063168,"handles":643,"gdi":4,"user":8}
{"fixture":"dxui-menu-resources-v2","mode":"described","cycle":55,"phase":"before","privateBytes":77086720,"workingSetBytes":61063168,"handles":643,"gdi":4,"user":8}
{"fixture":"dxui-menu-resources-v2","mode":"described","cycle":55,"phase":"rendered","privateBytes":78299136,"workingSetBytes":62050304,"handles":649,"gdi":4,"user":9}
{"fixture":"dxui-menu-resources-v2","mode":"described","cycle":55,"phase":"open","privateBytes":78299136,"workingSetBytes":62631936,"handles":649,"gdi":4,"user":9}
{"fixture":"dxui-menu-resources-v2","mode":"described","cycle":55,"phase":"closed","privateBytes":76013568,"workingSetBytes":61050880,"handles":643,"gdi":4,"user":8}
{"fixture":"dxui-menu-resources-v2","mode":"described","cycle":56,"phase":"before","privateBytes":76013568,"workingSetBytes":61050880,"handles":643,"gdi":4,"user":8}
{"fixture":"dxui-menu-resources-v2","mode":"described","cycle":56,"phase":"rendered","privateBytes":78241792,"workingSetBytes":62308352,"handles":649,"gdi":4,"user":9}
{"fixture":"dxui-menu-resources-v2","mode":"described","cycle":56,"phase":"open","privateBytes":78241792,"workingSetBytes":62656512,"handles":649,"gdi":4,"user":9}
{"fixture":"dxui-menu-resources-v2","mode":"described","cycle":56,"phase":"closed","privateBytes":76050432,"workingSetBytes":61116416,"handles":643,"gdi":4,"user":8}
{"fixture":"dxui-menu-resources-v2","mode":"described","cycle":57,"phase":"before","privateBytes":76050432,"workingSetBytes":61116416,"handles":643,"gdi":4,"user":8}
{"fixture":"dxui-menu-resources-v2","mode":"described","cycle":57,"phase":"rendered","privateBytes":77361152,"workingSetBytes":62029824,"handles":649,"gdi":4,"user":9}
{"fixture":"dxui-menu-resources-v2","mode":"described","cycle":57,"phase":"open","privateBytes":78209024,"workingSetBytes":62644224,"handles":649,"gdi":4,"user":9}
{"fixture":"dxui-menu-resources-v2","mode":"described","cycle":57,"phase":"closed","privateBytes":76513280,"workingSetBytes":61149184,"handles":643,"gdi":4,"user":8}
{"fixture":"dxui-menu-resources-v2","mode":"described","cycle":58,"phase":"before","privateBytes":76513280,"workingSetBytes":61149184,"handles":643,"gdi":4,"user":8}
{"fixture":"dxui-menu-resources-v2","mode":"described","cycle":58,"phase":"rendered","privateBytes":77389824,"workingSetBytes":61861888,"handles":649,"gdi":4,"user":9}
{"fixture":"dxui-menu-resources-v2","mode":"described","cycle":58,"phase":"open","privateBytes":78237696,"workingSetBytes":62476288,"handles":649,"gdi":4,"user":9}
{"fixture":"dxui-menu-resources-v2","mode":"described","cycle":58,"phase":"closed","privateBytes":76001280,"workingSetBytes":61046784,"handles":643,"gdi":4,"user":8}
{"fixture":"dxui-menu-resources-v2","mode":"described","cycle":59,"phase":"before","privateBytes":76001280,"workingSetBytes":61046784,"handles":643,"gdi":4,"user":8}
{"fixture":"dxui-menu-resources-v2","mode":"described","cycle":59,"phase":"rendered","privateBytes":78233600,"workingSetBytes":62042112,"handles":649,"gdi":4,"user":9}
{"fixture":"dxui-menu-resources-v2","mode":"described","cycle":59,"phase":"open","privateBytes":78233600,"workingSetBytes":62509056,"handles":649,"gdi":4,"user":9}
{"fixture":"dxui-menu-resources-v2","mode":"described","cycle":59,"phase":"closed","privateBytes":76021760,"workingSetBytes":61050880,"handles":643,"gdi":4,"user":8}
{"fixture":"dxui-menu-resources-v2","mode":"described","cycle":60,"phase":"before","privateBytes":76021760,"workingSetBytes":61050880,"handles":643,"gdi":4,"user":8}
{"fixture":"dxui-menu-resources-v2","mode":"described","cycle":60,"phase":"rendered","privateBytes":77443072,"workingSetBytes":61845504,"handles":649,"gdi":4,"user":9}
{"fixture":"dxui-menu-resources-v2","mode":"described","cycle":60,"phase":"open","privateBytes":78290944,"workingSetBytes":62459904,"handles":649,"gdi":4,"user":9}
{"fixture":"dxui-menu-resources-v2","mode":"described","cycle":60,"phase":"closed","privateBytes":76468224,"workingSetBytes":61046784,"handles":643,"gdi":4,"user":8}
{"fixture":"dxui-menu-resources-v2","mode":"described","cycle":61,"phase":"before","privateBytes":76468224,"workingSetBytes":61046784,"handles":643,"gdi":4,"user":8}
{"fixture":"dxui-menu-resources-v2","mode":"described","cycle":61,"phase":"rendered","privateBytes":77438976,"workingSetBytes":61845504,"handles":649,"gdi":4,"user":9}
{"fixture":"dxui-menu-resources-v2","mode":"described","cycle":61,"phase":"open","privateBytes":78286848,"workingSetBytes":62459904,"handles":649,"gdi":4,"user":9}
{"fixture":"dxui-menu-resources-v2","mode":"described","cycle":61,"phase":"closed","privateBytes":75948032,"workingSetBytes":60981248,"handles":643,"gdi":4,"user":8}
{"fixture":"dxui-menu-resources-v2","mode":"described","cycle":62,"phase":"before","privateBytes":75948032,"workingSetBytes":60981248,"handles":643,"gdi":4,"user":8}
{"fixture":"dxui-menu-resources-v2","mode":"described","cycle":62,"phase":"rendered","privateBytes":78282752,"workingSetBytes":62304256,"handles":649,"gdi":4,"user":9}
{"fixture":"dxui-menu-resources-v2","mode":"described","cycle":62,"phase":"open","privateBytes":78282752,"workingSetBytes":62652416,"handles":649,"gdi":4,"user":9}
{"fixture":"dxui-menu-resources-v2","mode":"described","cycle":62,"phase":"closed","privateBytes":75976704,"workingSetBytes":61050880,"handles":643,"gdi":4,"user":8}
{"fixture":"dxui-menu-resources-v2","mode":"described","cycle":63,"phase":"before","privateBytes":75976704,"workingSetBytes":61050880,"handles":643,"gdi":4,"user":8}
{"fixture":"dxui-menu-resources-v2","mode":"described","cycle":63,"phase":"rendered","privateBytes":78290944,"workingSetBytes":62300160,"handles":649,"gdi":4,"user":9}
{"fixture":"dxui-menu-resources-v2","mode":"described","cycle":63,"phase":"open","privateBytes":78290944,"workingSetBytes":62648320,"handles":649,"gdi":4,"user":9}
{"fixture":"dxui-menu-resources-v2","mode":"described","cycle":63,"phase":"closed","privateBytes":76406784,"workingSetBytes":61116416,"handles":643,"gdi":4,"user":8}
{"fixture":"dxui-menu-resources-v2","mode":"described","cycle":64,"phase":"before","privateBytes":76406784,"workingSetBytes":61116416,"handles":643,"gdi":4,"user":8}
{"fixture":"dxui-menu-resources-v2","mode":"described","cycle":64,"phase":"rendered","privateBytes":77443072,"workingSetBytes":62087168,"handles":649,"gdi":4,"user":9}
{"fixture":"dxui-menu-resources-v2","mode":"described","cycle":64,"phase":"open","privateBytes":78290944,"workingSetBytes":62701568,"handles":649,"gdi":4,"user":9}
{"fixture":"dxui-menu-resources-v2","mode":"described","cycle":64,"phase":"closed","privateBytes":76763136,"workingSetBytes":61140992,"handles":643,"gdi":4,"user":8}
{"fixture":"dxui-menu-resources-v2","mode":"described","cycle":65,"phase":"before","privateBytes":76763136,"workingSetBytes":61140992,"handles":643,"gdi":4,"user":8}
{"fixture":"dxui-menu-resources-v2","mode":"described","cycle":65,"phase":"rendered","privateBytes":77443072,"workingSetBytes":62111744,"handles":649,"gdi":4,"user":9}
{"fixture":"dxui-menu-resources-v2","mode":"described","cycle":65,"phase":"open","privateBytes":78290944,"workingSetBytes":62726144,"handles":649,"gdi":4,"user":9}
{"fixture":"dxui-menu-resources-v2","mode":"described","cycle":65,"phase":"closed","privateBytes":76021760,"workingSetBytes":61063168,"handles":643,"gdi":4,"user":8}
{"fixture":"dxui-menu-resources-v2","mode":"described","cycle":66,"phase":"before","privateBytes":76021760,"workingSetBytes":61063168,"handles":643,"gdi":4,"user":8}
{"fixture":"dxui-menu-resources-v2","mode":"described","cycle":66,"phase":"rendered","privateBytes":77438976,"workingSetBytes":61988864,"handles":649,"gdi":4,"user":9}
{"fixture":"dxui-menu-resources-v2","mode":"described","cycle":66,"phase":"open","privateBytes":78286848,"workingSetBytes":62603264,"handles":649,"gdi":4,"user":9}
{"fixture":"dxui-menu-resources-v2","mode":"described","cycle":66,"phase":"closed","privateBytes":76029952,"workingSetBytes":61075456,"handles":643,"gdi":4,"user":8}
{"fixture":"dxui-menu-resources-v2","mode":"described","cycle":67,"phase":"before","privateBytes":76029952,"workingSetBytes":61075456,"handles":643,"gdi":4,"user":8}
{"fixture":"dxui-menu-resources-v2","mode":"described","cycle":67,"phase":"rendered","privateBytes":77438976,"workingSetBytes":61841408,"handles":649,"gdi":4,"user":9}
{"fixture":"dxui-menu-resources-v2","mode":"described","cycle":67,"phase":"open","privateBytes":78286848,"workingSetBytes":62455808,"handles":649,"gdi":4,"user":9}
{"fixture":"dxui-menu-resources-v2","mode":"described","cycle":67,"phase":"closed","privateBytes":76902400,"workingSetBytes":61100032,"handles":643,"gdi":4,"user":8}
{"fixture":"dxui-menu-resources-v2","mode":"described","cycle":68,"phase":"before","privateBytes":76902400,"workingSetBytes":61100032,"handles":643,"gdi":4,"user":8}
{"fixture":"dxui-menu-resources-v2","mode":"described","cycle":68,"phase":"rendered","privateBytes":78286848,"workingSetBytes":61935616,"handles":649,"gdi":4,"user":9}
{"fixture":"dxui-menu-resources-v2","mode":"described","cycle":68,"phase":"open","privateBytes":78286848,"workingSetBytes":62550016,"handles":649,"gdi":4,"user":9}
{"fixture":"dxui-menu-resources-v2","mode":"described","cycle":68,"phase":"closed","privateBytes":76058624,"workingSetBytes":61132800,"handles":643,"gdi":4,"user":8}
{"fixture":"dxui-menu-resources-v2","mode":"described","cycle":69,"phase":"before","privateBytes":76058624,"workingSetBytes":61132800,"handles":643,"gdi":4,"user":8}
{"fixture":"dxui-menu-resources-v2","mode":"described","cycle":69,"phase":"rendered","privateBytes":77434880,"workingSetBytes":62144512,"handles":649,"gdi":4,"user":9}
{"fixture":"dxui-menu-resources-v2","mode":"described","cycle":69,"phase":"open","privateBytes":78286848,"workingSetBytes":62758912,"handles":649,"gdi":4,"user":9}
{"fixture":"dxui-menu-resources-v2","mode":"described","cycle":69,"phase":"closed","privateBytes":76500992,"workingSetBytes":61169664,"handles":643,"gdi":4,"user":8}
{"fixture":"dxui-menu-resources-v2","mode":"described","cycle":70,"phase":"before","privateBytes":76500992,"workingSetBytes":61169664,"handles":643,"gdi":4,"user":8}
{"fixture":"dxui-menu-resources-v2","mode":"described","cycle":70,"phase":"rendered","privateBytes":77438976,"workingSetBytes":61857792,"handles":649,"gdi":4,"user":9}
{"fixture":"dxui-menu-resources-v2","mode":"described","cycle":70,"phase":"open","privateBytes":78290944,"workingSetBytes":62472192,"handles":649,"gdi":4,"user":9}
{"fixture":"dxui-menu-resources-v2","mode":"described","cycle":70,"phase":"closed","privateBytes":77082624,"workingSetBytes":61190144,"handles":643,"gdi":4,"user":8}
{"fixture":"dxui-menu-resources-v2","mode":"described","cycle":71,"phase":"before","privateBytes":77082624,"workingSetBytes":61190144,"handles":643,"gdi":4,"user":8}
{"fixture":"dxui-menu-resources-v2","mode":"described","cycle":71,"phase":"rendered","privateBytes":77438976,"workingSetBytes":61931520,"handles":649,"gdi":4,"user":9}
{"fixture":"dxui-menu-resources-v2","mode":"described","cycle":71,"phase":"open","privateBytes":78290944,"workingSetBytes":62545920,"handles":649,"gdi":4,"user":9}
{"fixture":"dxui-menu-resources-v2","mode":"described","cycle":71,"phase":"closed","privateBytes":76017664,"workingSetBytes":61059072,"handles":643,"gdi":4,"user":8}
{"fixture":"dxui-menu-resources-v2","mode":"described","cycle":72,"phase":"before","privateBytes":76017664,"workingSetBytes":61059072,"handles":643,"gdi":4,"user":8}
{"fixture":"dxui-menu-resources-v2","mode":"described","cycle":72,"phase":"rendered","privateBytes":77438976,"workingSetBytes":62136320,"handles":649,"gdi":4,"user":9}
{"fixture":"dxui-menu-resources-v2","mode":"described","cycle":72,"phase":"open","privateBytes":78290944,"workingSetBytes":62750720,"handles":649,"gdi":4,"user":9}
{"fixture":"dxui-menu-resources-v2","mode":"described","cycle":72,"phase":"closed","privateBytes":76042240,"workingSetBytes":61095936,"handles":643,"gdi":4,"user":8}
{"fixture":"dxui-menu-resources-v2","mode":"described","cycle":73,"phase":"before","privateBytes":76042240,"workingSetBytes":61095936,"handles":643,"gdi":4,"user":8}
{"fixture":"dxui-menu-resources-v2","mode":"described","cycle":73,"phase":"rendered","privateBytes":77176832,"workingSetBytes":61833216,"handles":649,"gdi":4,"user":9}
{"fixture":"dxui-menu-resources-v2","mode":"described","cycle":73,"phase":"open","privateBytes":78028800,"workingSetBytes":62447616,"handles":649,"gdi":4,"user":9}
{"fixture":"dxui-menu-resources-v2","mode":"described","cycle":73,"phase":"closed","privateBytes":76013568,"workingSetBytes":61059072,"handles":643,"gdi":4,"user":8}
{"fixture":"dxui-menu-resources-v2","mode":"described","cycle":74,"phase":"before","privateBytes":76013568,"workingSetBytes":61059072,"handles":643,"gdi":4,"user":8}
{"fixture":"dxui-menu-resources-v2","mode":"described","cycle":74,"phase":"rendered","privateBytes":77430784,"workingSetBytes":62148608,"handles":649,"gdi":4,"user":9}
{"fixture":"dxui-menu-resources-v2","mode":"described","cycle":74,"phase":"open","privateBytes":78282752,"workingSetBytes":62763008,"handles":649,"gdi":4,"user":9}
{"fixture":"dxui-menu-resources-v2","mode":"described","cycle":74,"phase":"closed","privateBytes":76034048,"workingSetBytes":61104128,"handles":643,"gdi":4,"user":8}
{"fixture":"dxui-menu-resources-v2","mode":"described","cycle":75,"phase":"before","privateBytes":76034048,"workingSetBytes":61104128,"handles":643,"gdi":4,"user":8}
{"fixture":"dxui-menu-resources-v2","mode":"described","cycle":75,"phase":"rendered","privateBytes":77438976,"workingSetBytes":62164992,"handles":649,"gdi":4,"user":9}
{"fixture":"dxui-menu-resources-v2","mode":"described","cycle":75,"phase":"open","privateBytes":78290944,"workingSetBytes":62779392,"handles":649,"gdi":4,"user":9}
{"fixture":"dxui-menu-resources-v2","mode":"described","cycle":75,"phase":"closed","privateBytes":76836864,"workingSetBytes":61140992,"handles":643,"gdi":4,"user":8}
{"fixture":"dxui-menu-resources-v2","mode":"described","cycle":76,"phase":"before","privateBytes":76836864,"workingSetBytes":61140992,"handles":643,"gdi":4,"user":8}
{"fixture":"dxui-menu-resources-v2","mode":"described","cycle":76,"phase":"rendered","privateBytes":77438976,"workingSetBytes":61956096,"handles":649,"gdi":4,"user":9}
{"fixture":"dxui-menu-resources-v2","mode":"described","cycle":76,"phase":"open","privateBytes":78290944,"workingSetBytes":62570496,"handles":649,"gdi":4,"user":9}
{"fixture":"dxui-menu-resources-v2","mode":"described","cycle":76,"phase":"closed","privateBytes":75997184,"workingSetBytes":61038592,"handles":643,"gdi":4,"user":8}
{"fixture":"dxui-menu-resources-v2","mode":"described","cycle":77,"phase":"before","privateBytes":75997184,"workingSetBytes":61038592,"handles":643,"gdi":4,"user":8}
{"fixture":"dxui-menu-resources-v2","mode":"described","cycle":77,"phase":"rendered","privateBytes":78290944,"workingSetBytes":62128128,"handles":649,"gdi":4,"user":9}
{"fixture":"dxui-menu-resources-v2","mode":"described","cycle":77,"phase":"open","privateBytes":78290944,"workingSetBytes":62722048,"handles":649,"gdi":4,"user":9}
{"fixture":"dxui-menu-resources-v2","mode":"described","cycle":77,"phase":"closed","privateBytes":76034048,"workingSetBytes":61087744,"handles":643,"gdi":4,"user":8}
{"fixture":"dxui-menu-resources-v2","mode":"described","cycle":78,"phase":"before","privateBytes":76034048,"workingSetBytes":61087744,"handles":643,"gdi":4,"user":8}
{"fixture":"dxui-menu-resources-v2","mode":"described","cycle":78,"phase":"rendered","privateBytes":77443072,"workingSetBytes":61853696,"handles":649,"gdi":4,"user":9}
{"fixture":"dxui-menu-resources-v2","mode":"described","cycle":78,"phase":"open","privateBytes":78295040,"workingSetBytes":62468096,"handles":649,"gdi":4,"user":9}
{"fixture":"dxui-menu-resources-v2","mode":"described","cycle":78,"phase":"closed","privateBytes":76877824,"workingSetBytes":61079552,"handles":644,"gdi":4,"user":8}
{"fixture":"dxui-menu-resources-v2","mode":"described","cycle":79,"phase":"before","privateBytes":76877824,"workingSetBytes":61079552,"handles":643,"gdi":4,"user":8}
{"fixture":"dxui-menu-resources-v2","mode":"described","cycle":79,"phase":"rendered","privateBytes":78327808,"workingSetBytes":62025728,"handles":651,"gdi":4,"user":9}
{"fixture":"dxui-menu-resources-v2","mode":"described","cycle":79,"phase":"open","privateBytes":78331904,"workingSetBytes":62644224,"handles":651,"gdi":4,"user":9}
{"fixture":"dxui-menu-resources-v2","mode":"described","cycle":79,"phase":"closed","privateBytes":76066816,"workingSetBytes":61104128,"handles":645,"gdi":4,"user":8}
{"fixture":"dxui-menu-resources-v2","mode":"described","cycle":80,"phase":"before","privateBytes":76066816,"workingSetBytes":61104128,"handles":645,"gdi":4,"user":8}
{"fixture":"dxui-menu-resources-v2","mode":"described","cycle":80,"phase":"rendered","privateBytes":78331904,"workingSetBytes":62193664,"handles":651,"gdi":4,"user":9}
{"fixture":"dxui-menu-resources-v2","mode":"described","cycle":80,"phase":"open","privateBytes":78331904,"workingSetBytes":62808064,"handles":651,"gdi":4,"user":9}
{"fixture":"dxui-menu-resources-v2","mode":"described","cycle":80,"phase":"closed","privateBytes":76091392,"workingSetBytes":61161472,"handles":645,"gdi":4,"user":8}
{"fixture":"dxui-menu-resources-v2","mode":"described","cycle":81,"phase":"before","privateBytes":76091392,"workingSetBytes":61161472,"handles":645,"gdi":4,"user":8}
{"fixture":"dxui-menu-resources-v2","mode":"described","cycle":81,"phase":"rendered","privateBytes":77422592,"workingSetBytes":62185472,"handles":651,"gdi":4,"user":9}
{"fixture":"dxui-menu-resources-v2","mode":"described","cycle":81,"phase":"open","privateBytes":78278656,"workingSetBytes":62799872,"handles":651,"gdi":4,"user":9}
{"fixture":"dxui-menu-resources-v2","mode":"described","cycle":81,"phase":"closed","privateBytes":76099584,"workingSetBytes":61169664,"handles":646,"gdi":4,"user":8}
{"fixture":"dxui-menu-resources-v2","mode":"described","cycle":82,"phase":"before","privateBytes":76099584,"workingSetBytes":61169664,"handles":645,"gdi":4,"user":8}
{"fixture":"dxui-menu-resources-v2","mode":"described","cycle":82,"phase":"rendered","privateBytes":77422592,"workingSetBytes":62070784,"handles":651,"gdi":4,"user":9}
{"fixture":"dxui-menu-resources-v2","mode":"described","cycle":82,"phase":"open","privateBytes":78278656,"workingSetBytes":62685184,"handles":651,"gdi":4,"user":9}
{"fixture":"dxui-menu-resources-v2","mode":"described","cycle":82,"phase":"closed","privateBytes":76869632,"workingSetBytes":61157376,"handles":645,"gdi":4,"user":8}
{"fixture":"dxui-menu-resources-v2","mode":"described","cycle":83,"phase":"before","privateBytes":76869632,"workingSetBytes":61157376,"handles":645,"gdi":4,"user":8}
{"fixture":"dxui-menu-resources-v2","mode":"described","cycle":83,"phase":"rendered","privateBytes":77422592,"workingSetBytes":62050304,"handles":651,"gdi":4,"user":9}
{"fixture":"dxui-menu-resources-v2","mode":"described","cycle":83,"phase":"open","privateBytes":78278656,"workingSetBytes":62664704,"handles":651,"gdi":4,"user":9}
{"fixture":"dxui-menu-resources-v2","mode":"described","cycle":83,"phase":"closed","privateBytes":76095488,"workingSetBytes":61132800,"handles":645,"gdi":4,"user":8}
{"fixture":"dxui-menu-resources-v2","mode":"described","cycle":84,"phase":"before","privateBytes":76095488,"workingSetBytes":61132800,"handles":645,"gdi":4,"user":8}
{"fixture":"dxui-menu-resources-v2","mode":"described","cycle":84,"phase":"rendered","privateBytes":77418496,"workingSetBytes":62013440,"handles":651,"gdi":4,"user":9}
{"fixture":"dxui-menu-resources-v2","mode":"described","cycle":84,"phase":"open","privateBytes":78274560,"workingSetBytes":62627840,"handles":651,"gdi":4,"user":9}
{"fixture":"dxui-menu-resources-v2","mode":"described","cycle":84,"phase":"closed","privateBytes":76066816,"workingSetBytes":61100032,"handles":645,"gdi":4,"user":8}
{"fixture":"dxui-menu-resources-v2","mode":"described","cycle":85,"phase":"before","privateBytes":76066816,"workingSetBytes":61100032,"handles":645,"gdi":4,"user":8}
{"fixture":"dxui-menu-resources-v2","mode":"described","cycle":85,"phase":"rendered","privateBytes":77213696,"workingSetBytes":61878272,"handles":651,"gdi":4,"user":9}
{"fixture":"dxui-menu-resources-v2","mode":"described","cycle":85,"phase":"open","privateBytes":78069760,"workingSetBytes":62492672,"handles":651,"gdi":4,"user":9}
{"fixture":"dxui-menu-resources-v2","mode":"described","cycle":85,"phase":"closed","privateBytes":76128256,"workingSetBytes":61128704,"handles":645,"gdi":4,"user":8}
{"fixture":"dxui-menu-resources-v2","mode":"described","cycle":86,"phase":"before","privateBytes":76128256,"workingSetBytes":61128704,"handles":645,"gdi":4,"user":8}
{"fixture":"dxui-menu-resources-v2","mode":"described","cycle":86,"phase":"rendered","privateBytes":78286848,"workingSetBytes":62427136,"handles":651,"gdi":4,"user":9}
{"fixture":"dxui-menu-resources-v2","mode":"described","cycle":86,"phase":"open","privateBytes":78286848,"workingSetBytes":62775296,"handles":651,"gdi":4,"user":9}
{"fixture":"dxui-menu-resources-v2","mode":"described","cycle":86,"phase":"closed","privateBytes":76128256,"workingSetBytes":61169664,"handles":645,"gdi":4,"user":8}
{"fixture":"dxui-menu-resources-v2","mode":"described","cycle":87,"phase":"before","privateBytes":76128256,"workingSetBytes":61169664,"handles":645,"gdi":4,"user":8}
{"fixture":"dxui-menu-resources-v2","mode":"described","cycle":87,"phase":"rendered","privateBytes":78307328,"workingSetBytes":62324736,"handles":651,"gdi":4,"user":9}
{"fixture":"dxui-menu-resources-v2","mode":"described","cycle":87,"phase":"open","privateBytes":78925824,"workingSetBytes":62943232,"handles":651,"gdi":4,"user":9}
{"fixture":"dxui-menu-resources-v2","mode":"described","cycle":87,"phase":"closed","privateBytes":76111872,"workingSetBytes":61145088,"handles":645,"gdi":4,"user":8}
{"fixture":"dxui-menu-resources-v2","mode":"described","cycle":88,"phase":"before","privateBytes":76111872,"workingSetBytes":61145088,"handles":645,"gdi":4,"user":8}
{"fixture":"dxui-menu-resources-v2","mode":"described","cycle":88,"phase":"rendered","privateBytes":78282752,"workingSetBytes":62451712,"handles":651,"gdi":4,"user":9}
{"fixture":"dxui-menu-resources-v2","mode":"described","cycle":88,"phase":"open","privateBytes":78282752,"workingSetBytes":62451712,"handles":651,"gdi":4,"user":9}
{"fixture":"dxui-menu-resources-v2","mode":"described","cycle":88,"phase":"closed","privateBytes":76374016,"workingSetBytes":61263872,"handles":645,"gdi":4,"user":8}
{"fixture":"dxui-menu-resources-v2","mode":"described","cycle":89,"phase":"before","privateBytes":76374016,"workingSetBytes":61263872,"handles":645,"gdi":4,"user":8}
{"fixture":"dxui-menu-resources-v2","mode":"described","cycle":89,"phase":"rendered","privateBytes":78086144,"workingSetBytes":62402560,"handles":651,"gdi":4,"user":9}
{"fixture":"dxui-menu-resources-v2","mode":"described","cycle":89,"phase":"open","privateBytes":78942208,"workingSetBytes":63016960,"handles":651,"gdi":4,"user":9}
{"fixture":"dxui-menu-resources-v2","mode":"described","cycle":89,"phase":"closed","privateBytes":76140544,"workingSetBytes":61235200,"handles":645,"gdi":4,"user":8}
{"fixture":"dxui-menu-resources-v2","mode":"described","cycle":90,"phase":"before","privateBytes":76140544,"workingSetBytes":61235200,"handles":645,"gdi":4,"user":8}
{"fixture":"dxui-menu-resources-v2","mode":"described","cycle":90,"phase":"rendered","privateBytes":78028800,"workingSetBytes":62464000,"handles":651,"gdi":4,"user":9}
{"fixture":"dxui-menu-resources-v2","mode":"described","cycle":90,"phase":"open","privateBytes":78884864,"workingSetBytes":63078400,"handles":651,"gdi":4,"user":9}
{"fixture":"dxui-menu-resources-v2","mode":"described","cycle":90,"phase":"closed","privateBytes":76206080,"workingSetBytes":61296640,"handles":645,"gdi":4,"user":8}
    [TRACE] attached host dtor: begin
{"fixture":"dxui-menu-resources-v2","mode":"described","cycle":91,"phase":"before","privateBytes":76206080,"workingSetBytes":61296640,"handles":645,"gdi":4,"user":8}
{"fixture":"dxui-menu-resources-v2","mode":"described","cycle":91,"phase":"rendered","privateBytes":78032896,"workingSetBytes":62468096,"handles":651,"gdi":4,"user":9}
{"fixture":"dxui-menu-resources-v2","mode":"described","cycle":91,"phase":"open","privateBytes":78888960,"workingSetBytes":63082496,"handles":651,"gdi":4,"user":9}
{"fixture":"dxui-menu-resources-v2","mode":"described","cycle":91,"phase":"closed","privateBytes":76181504,"workingSetBytes":61247488,"handles":645,"gdi":4,"user":8}
{"fixture":"dxui-menu-resources-v2","mode":"described","cycle":92,"phase":"before","privateBytes":76181504,"workingSetBytes":61247488,"handles":645,"gdi":4,"user":8}
{"fixture":"dxui-menu-resources-v2","mode":"described","cycle":92,"phase":"rendered","privateBytes":77275136,"workingSetBytes":61964288,"handles":651,"gdi":4,"user":9}
{"fixture":"dxui-menu-resources-v2","mode":"described","cycle":92,"phase":"open","privateBytes":78131200,"workingSetBytes":62578688,"handles":651,"gdi":4,"user":9}
{"fixture":"dxui-menu-resources-v2","mode":"described","cycle":92,"phase":"closed","privateBytes":76222464,"workingSetBytes":61300736,"handles":645,"gdi":4,"user":8}
{"fixture":"dxui-menu-resources-v2","mode":"described","cycle":93,"phase":"before","privateBytes":76222464,"workingSetBytes":61300736,"handles":645,"gdi":4,"user":8}
{"fixture":"dxui-menu-resources-v2","mode":"described","cycle":93,"phase":"rendered","privateBytes":78094336,"workingSetBytes":62779392,"handles":651,"gdi":4,"user":9}
{"fixture":"dxui-menu-resources-v2","mode":"described","cycle":93,"phase":"open","privateBytes":78950400,"workingSetBytes":63393792,"handles":651,"gdi":4,"user":9}
{"fixture":"dxui-menu-resources-v2","mode":"described","cycle":93,"phase":"closed","privateBytes":76484608,"workingSetBytes":61210624,"handles":645,"gdi":4,"user":8}
{"fixture":"dxui-menu-resources-v2","mode":"described","cycle":94,"phase":"before","privateBytes":76484608,"workingSetBytes":61210624,"handles":645,"gdi":4,"user":8}
{"fixture":"dxui-menu-resources-v2","mode":"described","cycle":94,"phase":"rendered","privateBytes":78094336,"workingSetBytes":62439424,"handles":651,"gdi":4,"user":9}
{"fixture":"dxui-menu-resources-v2","mode":"described","cycle":94,"phase":"open","privateBytes":78950400,"workingSetBytes":63053824,"handles":651,"gdi":4,"user":9}
{"fixture":"dxui-menu-resources-v2","mode":"described","cycle":94,"phase":"closed","privateBytes":76247040,"workingSetBytes":61231104,"handles":645,"gdi":4,"user":8}
{"fixture":"dxui-menu-resources-v2","mode":"described","cycle":95,"phase":"before","privateBytes":76247040,"workingSetBytes":61231104,"handles":645,"gdi":4,"user":8}
{"fixture":"dxui-menu-resources-v2","mode":"described","cycle":95,"phase":"rendered","privateBytes":78061568,"workingSetBytes":62423040,"handles":651,"gdi":4,"user":9}
{"fixture":"dxui-menu-resources-v2","mode":"described","cycle":95,"phase":"open","privateBytes":78917632,"workingSetBytes":63037440,"handles":651,"gdi":4,"user":9}
{"fixture":"dxui-menu-resources-v2","mode":"described","cycle":95,"phase":"closed","privateBytes":76206080,"workingSetBytes":61231104,"handles":645,"gdi":4,"user":8}
    [TRACE] attached host dtor: host detached
    [TRACE] attached host dtor: hwnd reset
[DONE] MenuResources
All DxUi tests passed.
