[START] MenuResourceScaling
{"fixture":"dxui-menu-resource-scaling-v1","menuItemObjectBytes":248,"toggleObjectBytes":760,"capture":false}
{"fixture":"dxui-menu-resource-scaling-v1","entries":12,"descriptions":0,"cycle":0,"phase":"before","privateBytes":2179072,"workingSetBytes":10358784,"handles":129,"gdi":0,"user":4}
{"fixture":"dxui-menu-resource-scaling-v1","entries":12,"descriptions":0,"widthPx":476,"heightPx":322,"dpi":96}
{"fixture":"dxui-menu-resource-scaling-v1","entries":12,"descriptions":0,"cycle":0,"phase":"rendered","privateBytes":18051072,"workingSetBytes":29556736,"handles":193,"gdi":4,"user":5}
{"fixture":"dxui-menu-resource-scaling-v1","entries":12,"descriptions":0,"cycle":0,"phase":"closed","privateBytes":18685952,"workingSetBytes":30707712,"handles":198,"gdi":4,"user":4}
{"fixture":"dxui-menu-resource-scaling-v1","entries":12,"descriptions":1,"cycle":0,"phase":"before","privateBytes":18685952,"workingSetBytes":30720000,"handles":198,"gdi":4,"user":4}
{"fixture":"dxui-menu-resource-scaling-v1","entries":12,"descriptions":1,"widthPx":476,"heightPx":322,"dpi":96}
{"fixture":"dxui-menu-resource-scaling-v1","entries":12,"descriptions":1,"cycle":0,"phase":"rendered","privateBytes":23191552,"workingSetBytes":33923072,"handles":203,"gdi":4,"user":5}
{"fixture":"dxui-menu-resource-scaling-v1","entries":12,"descriptions":1,"cycle":0,"phase":"closed","privateBytes":22204416,"workingSetBytes":32989184,"handles":201,"gdi":4,"user":4}
{"fixture":"dxui-menu-resource-scaling-v1","entries":12,"descriptions":2,"cycle":0,"phase":"before","privateBytes":22204416,"workingSetBytes":32976896,"handles":201,"gdi":4,"user":4}
{"fixture":"dxui-menu-resource-scaling-v1","entries":12,"descriptions":2,"widthPx":476,"heightPx":322,"dpi":96}
{"fixture":"dxui-menu-resource-scaling-v1","entries":12,"descriptions":2,"cycle":0,"phase":"rendered","privateBytes":23900160,"workingSetBytes":35688448,"handles":205,"gdi":4,"user":5}
{"fixture":"dxui-menu-resource-scaling-v1","entries":12,"descriptions":2,"cycle":0,"phase":"closed","privateBytes":22470656,"workingSetBytes":34332672,"handles":201,"gdi":4,"user":4}
{"fixture":"dxui-menu-resource-scaling-v1","entries":12,"descriptions":4,"cycle":0,"phase":"before","privateBytes":22470656,"workingSetBytes":34332672,"handles":201,"gdi":4,"user":4}
{"fixture":"dxui-menu-resource-scaling-v1","entries":12,"descriptions":4,"widthPx":476,"heightPx":322,"dpi":96}
{"fixture":"dxui-menu-resource-scaling-v1","entries":12,"descriptions":4,"cycle":0,"phase":"rendered","privateBytes":22560768,"workingSetBytes":33910784,"handles":205,"gdi":4,"user":5}
{"fixture":"dxui-menu-resource-scaling-v1","entries":12,"descriptions":4,"cycle":0,"phase":"closed","privateBytes":23220224,"workingSetBytes":34701312,"handles":201,"gdi":4,"user":4}
{"fixture":"dxui-menu-resource-scaling-v1","entries":12,"descriptions":8,"cycle":0,"phase":"before","privateBytes":23285760,"workingSetBytes":34713600,"handles":201,"gdi":4,"user":4}
{"fixture":"dxui-menu-resource-scaling-v1","entries":12,"descriptions":8,"widthPx":476,"heightPx":322,"dpi":96}
{"fixture":"dxui-menu-resource-scaling-v1","entries":12,"descriptions":8,"cycle":0,"phase":"rendered","privateBytes":23367680,"workingSetBytes":35598336,"handles":205,"gdi":4,"user":5}
{"fixture":"dxui-menu-resource-scaling-v1","entries":12,"descriptions":8,"cycle":0,"phase":"closed","privateBytes":21618688,"workingSetBytes":34385920,"handles":201,"gdi":4,"user":4}
{"fixture":"dxui-menu-resource-scaling-v1","entries":12,"descriptions":12,"cycle":0,"phase":"before","privateBytes":21618688,"workingSetBytes":34385920,"handles":201,"gdi":4,"user":4}
{"fixture":"dxui-menu-resource-scaling-v1","entries":12,"descriptions":12,"widthPx":476,"heightPx":322,"dpi":96}
{"fixture":"dxui-menu-resource-scaling-v1","entries":12,"descriptions":12,"cycle":0,"phase":"rendered","privateBytes":21516288,"workingSetBytes":33689600,"handles":205,"gdi":4,"user":5}
{"fixture":"dxui-menu-resource-scaling-v1","entries":12,"descriptions":12,"cycle":0,"phase":"closed","privateBytes":20361216,"workingSetBytes":32808960,"handles":201,"gdi":4,"user":4}
{"fixture":"dxui-menu-resource-scaling-v1","entries":24,"descriptions":0,"cycle":0,"phase":"before","privateBytes":20426752,"workingSetBytes":32837632,"handles":201,"gdi":4,"user":4}
{"fixture":"dxui-menu-resource-scaling-v1","entries":24,"descriptions":0,"widthPx":476,"heightPx":322,"dpi":96}
{"fixture":"dxui-menu-resource-scaling-v1","entries":24,"descriptions":0,"cycle":0,"phase":"rendered","privateBytes":20967424,"workingSetBytes":33710080,"handles":205,"gdi":4,"user":5}
{"fixture":"dxui-menu-resource-scaling-v1","entries":24,"descriptions":0,"cycle":0,"phase":"closed","privateBytes":21139456,"workingSetBytes":33816576,"handles":201,"gdi":4,"user":4}
{"fixture":"dxui-menu-resource-scaling-v1","entries":24,"descriptions":24,"cycle":0,"phase":"before","privateBytes":21266432,"workingSetBytes":33824768,"handles":201,"gdi":4,"user":4}
{"fixture":"dxui-menu-resource-scaling-v1","entries":24,"descriptions":24,"widthPx":476,"heightPx":322,"dpi":96}
{"fixture":"dxui-menu-resource-scaling-v1","entries":24,"descriptions":24,"cycle":0,"phase":"rendered","privateBytes":21905408,"workingSetBytes":34992128,"handles":205,"gdi":4,"user":5}
{"fixture":"dxui-menu-resource-scaling-v1","entries":24,"descriptions":24,"cycle":0,"phase":"closed","privateBytes":20811776,"workingSetBytes":33890304,"handles":201,"gdi":4,"user":4}
{"fixture":"dxui-menu-resource-scaling-v1","entries":48,"descriptions":0,"cycle":0,"phase":"before","privateBytes":20811776,"workingSetBytes":33890304,"handles":201,"gdi":4,"user":4}
{"fixture":"dxui-menu-resource-scaling-v1","entries":48,"descriptions":0,"widthPx":476,"heightPx":322,"dpi":96}
{"fixture":"dxui-menu-resource-scaling-v1","entries":48,"descriptions":0,"cycle":0,"phase":"rendered","privateBytes":23285760,"workingSetBytes":35766272,"handles":205,"gdi":4,"user":5}
{"fixture":"dxui-menu-resource-scaling-v1","entries":48,"descriptions":0,"cycle":0,"phase":"closed","privateBytes":23224320,"workingSetBytes":35717120,"handles":201,"gdi":4,"user":4}
{"fixture":"dxui-menu-resource-scaling-v1","entries":48,"descriptions":48,"cycle":0,"phase":"before","privateBytes":23224320,"workingSetBytes":35717120,"handles":201,"gdi":4,"user":4}
{"fixture":"dxui-menu-resource-scaling-v1","entries":48,"descriptions":48,"widthPx":476,"heightPx":322,"dpi":96}
{"fixture":"dxui-menu-resource-scaling-v1","entries":48,"descriptions":48,"cycle":0,"phase":"rendered","privateBytes":21610496,"workingSetBytes":34496512,"handles":205,"gdi":4,"user":5}
{"fixture":"dxui-menu-resource-scaling-v1","entries":48,"descriptions":48,"cycle":0,"phase":"closed","privateBytes":20504576,"workingSetBytes":33918976,"handles":201,"gdi":4,"user":4}
{"fixture":"dxui-menu-resource-scaling-v1","entries":12,"descriptions":0,"cycle":1,"phase":"before","privateBytes":20574208,"workingSetBytes":34029568,"handles":201,"gdi":4,"user":4}
{"fixture":"dxui-menu-resource-scaling-v1","entries":12,"descriptions":0,"cycle":1,"phase":"rendered","privateBytes":24637440,"workingSetBytes":35393536,"handles":205,"gdi":4,"user":5}
{"fixture":"dxui-menu-resource-scaling-v1","entries":12,"descriptions":0,"cycle":1,"phase":"closed","privateBytes":24567808,"workingSetBytes":35352576,"handles":201,"gdi":4,"user":4}
{"fixture":"dxui-menu-resource-scaling-v1","entries":48,"descriptions":48,"cycle":1,"phase":"before","privateBytes":24641536,"workingSetBytes":35389440,"handles":201,"gdi":4,"user":4}
{"fixture":"dxui-menu-resource-scaling-v1","entries":48,"descriptions":48,"cycle":1,"phase":"rendered","privateBytes":27287552,"workingSetBytes":38162432,"handles":205,"gdi":4,"user":5}
{"fixture":"dxui-menu-resource-scaling-v1","entries":48,"descriptions":48,"cycle":1,"phase":"closed","privateBytes":24403968,"workingSetBytes":36417536,"handles":201,"gdi":4,"user":4}
{"fixture":"dxui-menu-resource-scaling-v1","entries":48,"descriptions":0,"cycle":1,"phase":"before","privateBytes":24403968,"workingSetBytes":36417536,"handles":201,"gdi":4,"user":4}
{"fixture":"dxui-menu-resource-scaling-v1","entries":48,"descriptions":0,"cycle":1,"phase":"rendered","privateBytes":25653248,"workingSetBytes":37072896,"handles":205,"gdi":4,"user":5}
{"fixture":"dxui-menu-resource-scaling-v1","entries":48,"descriptions":0,"cycle":1,"phase":"closed","privateBytes":25604096,"workingSetBytes":36982784,"handles":201,"gdi":4,"user":4}
{"fixture":"dxui-menu-resource-scaling-v1","entries":24,"descriptions":24,"cycle":1,"phase":"before","privateBytes":25477120,"workingSetBytes":36876288,"handles":201,"gdi":4,"user":4}
{"fixture":"dxui-menu-resource-scaling-v1","entries":24,"descriptions":24,"cycle":1,"phase":"rendered","privateBytes":24137728,"workingSetBytes":36773888,"handles":205,"gdi":4,"user":5}
{"fixture":"dxui-menu-resource-scaling-v1","entries":24,"descriptions":24,"cycle":1,"phase":"closed","privateBytes":21848064,"workingSetBytes":34758656,"handles":201,"gdi":4,"user":4}
{"fixture":"dxui-menu-resource-scaling-v1","entries":24,"descriptions":0,"cycle":1,"phase":"before","privateBytes":21913600,"workingSetBytes":34783232,"handles":201,"gdi":4,"user":4}
{"fixture":"dxui-menu-resource-scaling-v1","entries":24,"descriptions":0,"cycle":1,"phase":"rendered","privateBytes":23937024,"workingSetBytes":36536320,"handles":205,"gdi":4,"user":5}
{"fixture":"dxui-menu-resource-scaling-v1","entries":24,"descriptions":0,"cycle":1,"phase":"closed","privateBytes":23445504,"workingSetBytes":35848192,"handles":201,"gdi":4,"user":4}
{"fixture":"dxui-menu-resource-scaling-v1","entries":12,"descriptions":12,"cycle":1,"phase":"before","privateBytes":23511040,"workingSetBytes":35942400,"handles":201,"gdi":4,"user":4}
{"fixture":"dxui-menu-resource-scaling-v1","entries":12,"descriptions":12,"cycle":1,"phase":"rendered","privateBytes":24440832,"workingSetBytes":35905536,"handles":205,"gdi":4,"user":5}
{"fixture":"dxui-menu-resource-scaling-v1","entries":12,"descriptions":12,"cycle":1,"phase":"closed","privateBytes":24580096,"workingSetBytes":36020224,"handles":201,"gdi":4,"user":4}
{"fixture":"dxui-menu-resource-scaling-v1","entries":12,"descriptions":8,"cycle":1,"phase":"before","privateBytes":24580096,"workingSetBytes":36020224,"handles":201,"gdi":4,"user":4}
{"fixture":"dxui-menu-resource-scaling-v1","entries":12,"descriptions":8,"cycle":1,"phase":"rendered","privateBytes":22118400,"workingSetBytes":34385920,"handles":205,"gdi":4,"user":5}
{"fixture":"dxui-menu-resource-scaling-v1","entries":12,"descriptions":8,"cycle":1,"phase":"closed","privateBytes":20852736,"workingSetBytes":33726464,"handles":201,"gdi":4,"user":4}
{"fixture":"dxui-menu-resource-scaling-v1","entries":12,"descriptions":4,"cycle":1,"phase":"before","privateBytes":20901888,"workingSetBytes":33742848,"handles":201,"gdi":4,"user":4}
{"fixture":"dxui-menu-resource-scaling-v1","entries":12,"descriptions":4,"cycle":1,"phase":"rendered","privateBytes":24207360,"workingSetBytes":35897344,"handles":205,"gdi":4,"user":5}
{"fixture":"dxui-menu-resource-scaling-v1","entries":12,"descriptions":4,"cycle":1,"phase":"closed","privateBytes":21991424,"workingSetBytes":34766848,"handles":201,"gdi":4,"user":4}
{"fixture":"dxui-menu-resource-scaling-v1","entries":12,"descriptions":2,"cycle":1,"phase":"before","privateBytes":22073344,"workingSetBytes":34791424,"handles":201,"gdi":4,"user":4}
{"fixture":"dxui-menu-resource-scaling-v1","entries":12,"descriptions":2,"cycle":1,"phase":"rendered","privateBytes":22470656,"workingSetBytes":35856384,"handles":205,"gdi":4,"user":5}
{"fixture":"dxui-menu-resource-scaling-v1","entries":12,"descriptions":2,"cycle":1,"phase":"closed","privateBytes":20996096,"workingSetBytes":34402304,"handles":201,"gdi":4,"user":4}
{"fixture":"dxui-menu-resource-scaling-v1","entries":12,"descriptions":1,"cycle":1,"phase":"before","privateBytes":20668416,"workingSetBytes":34086912,"handles":201,"gdi":4,"user":4}
{"fixture":"dxui-menu-resource-scaling-v1","entries":12,"descriptions":1,"cycle":1,"phase":"rendered","privateBytes":22233088,"workingSetBytes":34947072,"handles":205,"gdi":4,"user":5}
{"fixture":"dxui-menu-resource-scaling-v1","entries":12,"descriptions":1,"cycle":1,"phase":"closed","privateBytes":22114304,"workingSetBytes":34873344,"handles":201,"gdi":4,"user":4}
{"fixture":"dxui-menu-resource-scaling-v1","entries":12,"descriptions":2,"cycle":2,"phase":"before","privateBytes":22114304,"workingSetBytes":34906112,"handles":201,"gdi":4,"user":4}
{"fixture":"dxui-menu-resource-scaling-v1","entries":12,"descriptions":2,"cycle":2,"phase":"rendered","privateBytes":21512192,"workingSetBytes":35233792,"handles":205,"gdi":4,"user":5}
{"fixture":"dxui-menu-resource-scaling-v1","entries":12,"descriptions":2,"cycle":2,"phase":"closed","privateBytes":20897792,"workingSetBytes":34426880,"handles":201,"gdi":4,"user":4}
{"fixture":"dxui-menu-resource-scaling-v1","entries":12,"descriptions":4,"cycle":2,"phase":"before","privateBytes":20897792,"workingSetBytes":34426880,"handles":201,"gdi":4,"user":4}
{"fixture":"dxui-menu-resource-scaling-v1","entries":12,"descriptions":4,"cycle":2,"phase":"rendered","privateBytes":22151168,"workingSetBytes":34844672,"handles":205,"gdi":4,"user":5}
{"fixture":"dxui-menu-resource-scaling-v1","entries":12,"descriptions":4,"cycle":2,"phase":"closed","privateBytes":22020096,"workingSetBytes":34697216,"handles":201,"gdi":4,"user":4}
{"fixture":"dxui-menu-resource-scaling-v1","entries":12,"descriptions":8,"cycle":2,"phase":"before","privateBytes":22020096,"workingSetBytes":34750464,"handles":201,"gdi":4,"user":4}
{"fixture":"dxui-menu-resource-scaling-v1","entries":12,"descriptions":8,"cycle":2,"phase":"rendered","privateBytes":24018944,"workingSetBytes":36462592,"handles":205,"gdi":4,"user":5}
{"fixture":"dxui-menu-resource-scaling-v1","entries":12,"descriptions":8,"cycle":2,"phase":"closed","privateBytes":23252992,"workingSetBytes":35651584,"handles":201,"gdi":4,"user":4}
{"fixture":"dxui-menu-resource-scaling-v1","entries":12,"descriptions":12,"cycle":2,"phase":"before","privateBytes":23252992,"workingSetBytes":35655680,"handles":201,"gdi":4,"user":4}
{"fixture":"dxui-menu-resource-scaling-v1","entries":12,"descriptions":12,"cycle":2,"phase":"rendered","privateBytes":22323200,"workingSetBytes":34750464,"handles":205,"gdi":4,"user":5}
{"fixture":"dxui-menu-resource-scaling-v1","entries":12,"descriptions":12,"cycle":2,"phase":"closed","privateBytes":21467136,"workingSetBytes":33943552,"handles":201,"gdi":4,"user":4}
{"fixture":"dxui-menu-resource-scaling-v1","entries":24,"descriptions":0,"cycle":2,"phase":"before","privateBytes":21536768,"workingSetBytes":33976320,"handles":201,"gdi":4,"user":4}
{"fixture":"dxui-menu-resource-scaling-v1","entries":24,"descriptions":0,"cycle":2,"phase":"rendered","privateBytes":25243648,"workingSetBytes":37203968,"handles":205,"gdi":4,"user":5}
{"fixture":"dxui-menu-resource-scaling-v1","entries":24,"descriptions":0,"cycle":2,"phase":"closed","privateBytes":25178112,"workingSetBytes":37216256,"handles":201,"gdi":4,"user":4}
{"fixture":"dxui-menu-resource-scaling-v1","entries":24,"descriptions":24,"cycle":2,"phase":"before","privateBytes":25378816,"workingSetBytes":37249024,"handles":201,"gdi":4,"user":4}
{"fixture":"dxui-menu-resource-scaling-v1","entries":24,"descriptions":24,"cycle":2,"phase":"rendered","privateBytes":25182208,"workingSetBytes":38023168,"handles":205,"gdi":4,"user":5}
{"fixture":"dxui-menu-resource-scaling-v1","entries":24,"descriptions":24,"cycle":2,"phase":"closed","privateBytes":23752704,"workingSetBytes":36401152,"handles":201,"gdi":4,"user":4}
{"fixture":"dxui-menu-resource-scaling-v1","entries":48,"descriptions":0,"cycle":2,"phase":"before","privateBytes":23818240,"workingSetBytes":36417536,"handles":201,"gdi":4,"user":4}
{"fixture":"dxui-menu-resource-scaling-v1","entries":48,"descriptions":0,"cycle":2,"phase":"rendered","privateBytes":22372352,"workingSetBytes":35147776,"handles":205,"gdi":4,"user":5}
{"fixture":"dxui-menu-resource-scaling-v1","entries":48,"descriptions":0,"cycle":2,"phase":"closed","privateBytes":22224896,"workingSetBytes":35000320,"handles":201,"gdi":4,"user":4}
{"fixture":"dxui-menu-resource-scaling-v1","entries":48,"descriptions":48,"cycle":2,"phase":"before","privateBytes":22241280,"workingSetBytes":35004416,"handles":201,"gdi":4,"user":4}
{"fixture":"dxui-menu-resource-scaling-v1","entries":48,"descriptions":48,"cycle":2,"phase":"rendered","privateBytes":24985600,"workingSetBytes":37273600,"handles":205,"gdi":4,"user":5}
{"fixture":"dxui-menu-resource-scaling-v1","entries":48,"descriptions":48,"cycle":2,"phase":"closed","privateBytes":21356544,"workingSetBytes":35119104,"handles":201,"gdi":4,"user":4}
{"fixture":"dxui-menu-resource-scaling-v1","entries":12,"descriptions":0,"cycle":2,"phase":"before","privateBytes":21356544,"workingSetBytes":35119104,"handles":201,"gdi":4,"user":4}
{"fixture":"dxui-menu-resource-scaling-v1","entries":12,"descriptions":0,"cycle":2,"phase":"rendered","privateBytes":24567808,"workingSetBytes":36782080,"handles":205,"gdi":4,"user":5}
{"fixture":"dxui-menu-resource-scaling-v1","entries":12,"descriptions":0,"cycle":2,"phase":"closed","privateBytes":24436736,"workingSetBytes":36646912,"handles":201,"gdi":4,"user":4}
{"fixture":"dxui-menu-resource-scaling-v1","entries":12,"descriptions":1,"cycle":2,"phase":"before","privateBytes":24436736,"workingSetBytes":36646912,"handles":201,"gdi":4,"user":4}
{"fixture":"dxui-menu-resource-scaling-v1","entries":12,"descriptions":1,"cycle":2,"phase":"rendered","privateBytes":24502272,"workingSetBytes":36839424,"handles":205,"gdi":4,"user":5}
{"fixture":"dxui-menu-resource-scaling-v1","entries":12,"descriptions":1,"cycle":2,"phase":"closed","privateBytes":23986176,"workingSetBytes":36438016,"handles":201,"gdi":4,"user":4}
{"fixture":"dxui-menu-resource-scaling-v1","entries":12,"descriptions":2,"cycle":3,"phase":"before","privateBytes":24051712,"workingSetBytes":36446208,"handles":201,"gdi":4,"user":4}
{"fixture":"dxui-menu-resource-scaling-v1","entries":12,"descriptions":2,"cycle":3,"phase":"rendered","privateBytes":23117824,"workingSetBytes":35475456,"handles":205,"gdi":4,"user":5}
{"fixture":"dxui-menu-resource-scaling-v1","entries":12,"descriptions":2,"cycle":3,"phase":"closed","privateBytes":23363584,"workingSetBytes":35676160,"handles":201,"gdi":4,"user":4}
{"fixture":"dxui-menu-resource-scaling-v1","entries":12,"descriptions":1,"cycle":3,"phase":"before","privateBytes":23363584,"workingSetBytes":35700736,"handles":201,"gdi":4,"user":4}
{"fixture":"dxui-menu-resource-scaling-v1","entries":12,"descriptions":1,"cycle":3,"phase":"rendered","privateBytes":24408064,"workingSetBytes":36741120,"handles":205,"gdi":4,"user":5}
{"fixture":"dxui-menu-resource-scaling-v1","entries":12,"descriptions":1,"cycle":3,"phase":"closed","privateBytes":25018368,"workingSetBytes":37326848,"handles":201,"gdi":4,"user":4}
{"fixture":"dxui-menu-resource-scaling-v1","entries":12,"descriptions":0,"cycle":3,"phase":"before","privateBytes":25083904,"workingSetBytes":37376000,"handles":201,"gdi":4,"user":4}
{"fixture":"dxui-menu-resource-scaling-v1","entries":12,"descriptions":0,"cycle":3,"phase":"rendered","privateBytes":22638592,"workingSetBytes":36368384,"handles":205,"gdi":4,"user":5}
{"fixture":"dxui-menu-resource-scaling-v1","entries":12,"descriptions":0,"cycle":3,"phase":"closed","privateBytes":22831104,"workingSetBytes":36528128,"handles":201,"gdi":4,"user":4}
{"fixture":"dxui-menu-resource-scaling-v1","entries":48,"descriptions":48,"cycle":3,"phase":"before","privateBytes":22872064,"workingSetBytes":36548608,"handles":201,"gdi":4,"user":4}
{"fixture":"dxui-menu-resource-scaling-v1","entries":48,"descriptions":48,"cycle":3,"phase":"rendered","privateBytes":24076288,"workingSetBytes":37269504,"handles":205,"gdi":4,"user":5}
{"fixture":"dxui-menu-resource-scaling-v1","entries":48,"descriptions":48,"cycle":3,"phase":"closed","privateBytes":20353024,"workingSetBytes":34840576,"handles":201,"gdi":4,"user":4}
{"fixture":"dxui-menu-resource-scaling-v1","entries":48,"descriptions":0,"cycle":3,"phase":"before","privateBytes":20353024,"workingSetBytes":34869248,"handles":201,"gdi":4,"user":4}
{"fixture":"dxui-menu-resource-scaling-v1","entries":48,"descriptions":0,"cycle":3,"phase":"rendered","privateBytes":23224320,"workingSetBytes":35581952,"handles":205,"gdi":4,"user":5}
{"fixture":"dxui-menu-resource-scaling-v1","entries":48,"descriptions":0,"cycle":3,"phase":"closed","privateBytes":23601152,"workingSetBytes":35893248,"handles":201,"gdi":4,"user":4}
{"fixture":"dxui-menu-resource-scaling-v1","entries":24,"descriptions":24,"cycle":3,"phase":"before","privateBytes":23613440,"workingSetBytes":35905536,"handles":201,"gdi":4,"user":4}
{"fixture":"dxui-menu-resource-scaling-v1","entries":24,"descriptions":24,"cycle":3,"phase":"rendered","privateBytes":27455488,"workingSetBytes":39378944,"handles":205,"gdi":4,"user":5}
{"fixture":"dxui-menu-resource-scaling-v1","entries":24,"descriptions":24,"cycle":3,"phase":"closed","privateBytes":24006656,"workingSetBytes":35991552,"handles":201,"gdi":4,"user":4}
{"fixture":"dxui-menu-resource-scaling-v1","entries":24,"descriptions":0,"cycle":3,"phase":"before","privateBytes":24006656,"workingSetBytes":35995648,"handles":201,"gdi":4,"user":4}
{"fixture":"dxui-menu-resource-scaling-v1","entries":24,"descriptions":0,"cycle":3,"phase":"rendered","privateBytes":25268224,"workingSetBytes":37851136,"handles":205,"gdi":4,"user":5}
{"fixture":"dxui-menu-resource-scaling-v1","entries":24,"descriptions":0,"cycle":3,"phase":"closed","privateBytes":24113152,"workingSetBytes":37363712,"handles":201,"gdi":4,"user":4}
{"fixture":"dxui-menu-resource-scaling-v1","entries":12,"descriptions":12,"cycle":3,"phase":"before","privateBytes":24113152,"workingSetBytes":37363712,"handles":201,"gdi":4,"user":4}
{"fixture":"dxui-menu-resource-scaling-v1","entries":12,"descriptions":12,"cycle":3,"phase":"rendered","privateBytes":25468928,"workingSetBytes":38219776,"handles":205,"gdi":4,"user":5}
{"fixture":"dxui-menu-resource-scaling-v1","entries":12,"descriptions":12,"cycle":3,"phase":"closed","privateBytes":25268224,"workingSetBytes":38080512,"handles":201,"gdi":4,"user":4}
{"fixture":"dxui-menu-resource-scaling-v1","entries":12,"descriptions":8,"cycle":3,"phase":"before","privateBytes":25268224,"workingSetBytes":38080512,"handles":201,"gdi":4,"user":4}
{"fixture":"dxui-menu-resource-scaling-v1","entries":12,"descriptions":8,"cycle":3,"phase":"rendered","privateBytes":25448448,"workingSetBytes":38068224,"handles":205,"gdi":4,"user":5}
{"fixture":"dxui-menu-resource-scaling-v1","entries":12,"descriptions":8,"cycle":3,"phase":"closed","privateBytes":24494080,"workingSetBytes":36425728,"handles":201,"gdi":4,"user":4}
{"fixture":"dxui-menu-resource-scaling-v1","entries":12,"descriptions":4,"cycle":3,"phase":"before","privateBytes":24494080,"workingSetBytes":36425728,"handles":201,"gdi":4,"user":4}
{"fixture":"dxui-menu-resource-scaling-v1","entries":12,"descriptions":4,"cycle":3,"phase":"rendered","privateBytes":21110784,"workingSetBytes":33746944,"handles":205,"gdi":4,"user":5}
{"fixture":"dxui-menu-resource-scaling-v1","entries":12,"descriptions":4,"cycle":3,"phase":"closed","privateBytes":22003712,"workingSetBytes":34205696,"handles":201,"gdi":4,"user":4}
{"fixture":"dxui-menu-resource-scaling-v1","entries":12,"descriptions":8,"cycle":4,"phase":"before","privateBytes":22003712,"workingSetBytes":34205696,"handles":201,"gdi":4,"user":4}
{"fixture":"dxui-menu-resource-scaling-v1","entries":12,"descriptions":8,"cycle":4,"phase":"rendered","privateBytes":23457792,"workingSetBytes":36184064,"handles":205,"gdi":4,"user":5}
{"fixture":"dxui-menu-resource-scaling-v1","entries":12,"descriptions":8,"cycle":4,"phase":"closed","privateBytes":22245376,"workingSetBytes":34930688,"handles":201,"gdi":4,"user":4}
{"fixture":"dxui-menu-resource-scaling-v1","entries":12,"descriptions":12,"cycle":4,"phase":"before","privateBytes":22310912,"workingSetBytes":34996224,"handles":201,"gdi":4,"user":4}
{"fixture":"dxui-menu-resource-scaling-v1","entries":12,"descriptions":12,"cycle":4,"phase":"rendered","privateBytes":22650880,"workingSetBytes":35545088,"handles":205,"gdi":4,"user":5}
{"fixture":"dxui-menu-resource-scaling-v1","entries":12,"descriptions":12,"cycle":4,"phase":"closed","privateBytes":20140032,"workingSetBytes":33976320,"handles":201,"gdi":4,"user":4}
{"fixture":"dxui-menu-resource-scaling-v1","entries":24,"descriptions":0,"cycle":4,"phase":"before","privateBytes":20140032,"workingSetBytes":33976320,"handles":201,"gdi":4,"user":4}
{"fixture":"dxui-menu-resource-scaling-v1","entries":24,"descriptions":0,"cycle":4,"phase":"rendered","privateBytes":24305664,"workingSetBytes":36851712,"handles":205,"gdi":4,"user":5}
{"fixture":"dxui-menu-resource-scaling-v1","entries":24,"descriptions":0,"cycle":4,"phase":"closed","privateBytes":24702976,"workingSetBytes":37335040,"handles":201,"gdi":4,"user":4}
{"fixture":"dxui-menu-resource-scaling-v1","entries":24,"descriptions":24,"cycle":4,"phase":"before","privateBytes":24707072,"workingSetBytes":37363712,"handles":201,"gdi":4,"user":4}
{"fixture":"dxui-menu-resource-scaling-v1","entries":24,"descriptions":24,"cycle":4,"phase":"rendered","privateBytes":24645632,"workingSetBytes":37425152,"handles":205,"gdi":4,"user":5}
{"fixture":"dxui-menu-resource-scaling-v1","entries":24,"descriptions":24,"cycle":4,"phase":"closed","privateBytes":22814720,"workingSetBytes":36077568,"handles":201,"gdi":4,"user":4}
{"fixture":"dxui-menu-resource-scaling-v1","entries":48,"descriptions":0,"cycle":4,"phase":"before","privateBytes":22814720,"workingSetBytes":36093952,"handles":201,"gdi":4,"user":4}
{"fixture":"dxui-menu-resource-scaling-v1","entries":48,"descriptions":0,"cycle":4,"phase":"rendered","privateBytes":23396352,"workingSetBytes":36556800,"handles":205,"gdi":4,"user":5}
{"fixture":"dxui-menu-resource-scaling-v1","entries":48,"descriptions":0,"cycle":4,"phase":"closed","privateBytes":23228416,"workingSetBytes":36417536,"handles":201,"gdi":4,"user":4}
{"fixture":"dxui-menu-resource-scaling-v1","entries":48,"descriptions":48,"cycle":4,"phase":"before","privateBytes":23293952,"workingSetBytes":36425728,"handles":201,"gdi":4,"user":4}
{"fixture":"dxui-menu-resource-scaling-v1","entries":48,"descriptions":48,"cycle":4,"phase":"rendered","privateBytes":25620480,"workingSetBytes":37244928,"handles":205,"gdi":4,"user":5}
{"fixture":"dxui-menu-resource-scaling-v1","entries":48,"descriptions":48,"cycle":4,"phase":"closed","privateBytes":21381120,"workingSetBytes":34250752,"handles":201,"gdi":4,"user":4}
{"fixture":"dxui-menu-resource-scaling-v1","entries":12,"descriptions":0,"cycle":4,"phase":"before","privateBytes":21397504,"workingSetBytes":34267136,"handles":201,"gdi":4,"user":4}
{"fixture":"dxui-menu-resource-scaling-v1","entries":12,"descriptions":0,"cycle":4,"phase":"rendered","privateBytes":24621056,"workingSetBytes":37244928,"handles":205,"gdi":4,"user":5}
{"fixture":"dxui-menu-resource-scaling-v1","entries":12,"descriptions":0,"cycle":4,"phase":"closed","privateBytes":25264128,"workingSetBytes":37908480,"handles":201,"gdi":4,"user":4}
{"fixture":"dxui-menu-resource-scaling-v1","entries":12,"descriptions":1,"cycle":4,"phase":"before","privateBytes":25264128,"workingSetBytes":37908480,"handles":201,"gdi":4,"user":4}
{"fixture":"dxui-menu-resource-scaling-v1","entries":12,"descriptions":1,"cycle":4,"phase":"rendered","privateBytes":25468928,"workingSetBytes":37220352,"handles":205,"gdi":4,"user":5}
{"fixture":"dxui-menu-resource-scaling-v1","entries":12,"descriptions":1,"cycle":4,"phase":"closed","privateBytes":23040000,"workingSetBytes":35180544,"handles":201,"gdi":4,"user":4}
{"fixture":"dxui-menu-resource-scaling-v1","entries":12,"descriptions":2,"cycle":4,"phase":"before","privateBytes":23040000,"workingSetBytes":35180544,"handles":201,"gdi":4,"user":4}
{"fixture":"dxui-menu-resource-scaling-v1","entries":12,"descriptions":2,"cycle":4,"phase":"rendered","privateBytes":25825280,"workingSetBytes":37339136,"handles":205,"gdi":4,"user":5}
{"fixture":"dxui-menu-resource-scaling-v1","entries":12,"descriptions":2,"cycle":4,"phase":"closed","privateBytes":26357760,"workingSetBytes":39059456,"handles":201,"gdi":4,"user":4}
{"fixture":"dxui-menu-resource-scaling-v1","entries":12,"descriptions":4,"cycle":4,"phase":"before","privateBytes":26357760,"workingSetBytes":39063552,"handles":201,"gdi":4,"user":4}
{"fixture":"dxui-menu-resource-scaling-v1","entries":12,"descriptions":4,"cycle":4,"phase":"rendered","privateBytes":25001984,"workingSetBytes":37568512,"handles":205,"gdi":4,"user":5}
{"fixture":"dxui-menu-resource-scaling-v1","entries":12,"descriptions":4,"cycle":4,"phase":"closed","privateBytes":24948736,"workingSetBytes":37580800,"handles":201,"gdi":4,"user":4}
{"fixture":"dxui-menu-resource-scaling-v1","entries":12,"descriptions":8,"cycle":5,"phase":"before","privateBytes":24948736,"workingSetBytes":37580800,"handles":201,"gdi":4,"user":4}
{"fixture":"dxui-menu-resource-scaling-v1","entries":12,"descriptions":8,"cycle":5,"phase":"rendered","privateBytes":27664384,"workingSetBytes":39170048,"handles":205,"gdi":4,"user":5}
{"fixture":"dxui-menu-resource-scaling-v1","entries":12,"descriptions":8,"cycle":5,"phase":"closed","privateBytes":25821184,"workingSetBytes":37314560,"handles":201,"gdi":4,"user":4}
{"fixture":"dxui-menu-resource-scaling-v1","entries":12,"descriptions":4,"cycle":5,"phase":"before","privateBytes":25821184,"workingSetBytes":37351424,"handles":201,"gdi":4,"user":4}
{"fixture":"dxui-menu-resource-scaling-v1","entries":12,"descriptions":4,"cycle":5,"phase":"rendered","privateBytes":27828224,"workingSetBytes":39018496,"handles":205,"gdi":4,"user":5}
{"fixture":"dxui-menu-resource-scaling-v1","entries":12,"descriptions":4,"cycle":5,"phase":"closed","privateBytes":27021312,"workingSetBytes":38240256,"handles":201,"gdi":4,"user":4}
{"fixture":"dxui-menu-resource-scaling-v1","entries":12,"descriptions":2,"cycle":5,"phase":"before","privateBytes":27021312,"workingSetBytes":38268928,"handles":201,"gdi":4,"user":4}
{"fixture":"dxui-menu-resource-scaling-v1","entries":12,"descriptions":2,"cycle":5,"phase":"rendered","privateBytes":23535616,"workingSetBytes":36847616,"handles":205,"gdi":4,"user":5}
{"fixture":"dxui-menu-resource-scaling-v1","entries":12,"descriptions":2,"cycle":5,"phase":"closed","privateBytes":23433216,"workingSetBytes":36720640,"handles":201,"gdi":4,"user":4}
{"fixture":"dxui-menu-resource-scaling-v1","entries":12,"descriptions":1,"cycle":5,"phase":"before","privateBytes":23457792,"workingSetBytes":36737024,"handles":201,"gdi":4,"user":4}
{"fixture":"dxui-menu-resource-scaling-v1","entries":12,"descriptions":1,"cycle":5,"phase":"rendered","privateBytes":27525120,"workingSetBytes":38137856,"handles":205,"gdi":4,"user":5}
{"fixture":"dxui-menu-resource-scaling-v1","entries":12,"descriptions":1,"cycle":5,"phase":"closed","privateBytes":27013120,"workingSetBytes":37711872,"handles":201,"gdi":4,"user":4}
{"fixture":"dxui-menu-resource-scaling-v1","entries":12,"descriptions":0,"cycle":5,"phase":"before","privateBytes":27013120,"workingSetBytes":37711872,"handles":201,"gdi":4,"user":4}
{"fixture":"dxui-menu-resource-scaling-v1","entries":12,"descriptions":0,"cycle":5,"phase":"rendered","privateBytes":27340800,"workingSetBytes":38608896,"handles":205,"gdi":4,"user":5}
{"fixture":"dxui-menu-resource-scaling-v1","entries":12,"descriptions":0,"cycle":5,"phase":"closed","privateBytes":25124864,"workingSetBytes":36569088,"handles":201,"gdi":4,"user":4}
{"fixture":"dxui-menu-resource-scaling-v1","entries":48,"descriptions":48,"cycle":5,"phase":"before","privateBytes":25124864,"workingSetBytes":36581376,"handles":201,"gdi":4,"user":4}
{"fixture":"dxui-menu-resource-scaling-v1","entries":48,"descriptions":48,"cycle":5,"phase":"rendered","privateBytes":27721728,"workingSetBytes":38588416,"handles":205,"gdi":4,"user":5}
{"fixture":"dxui-menu-resource-scaling-v1","entries":48,"descriptions":48,"cycle":5,"phase":"closed","privateBytes":26140672,"workingSetBytes":37064704,"handles":201,"gdi":4,"user":4}
{"fixture":"dxui-menu-resource-scaling-v1","entries":48,"descriptions":0,"cycle":5,"phase":"before","privateBytes":26406912,"workingSetBytes":37208064,"handles":201,"gdi":4,"user":4}
{"fixture":"dxui-menu-resource-scaling-v1","entries":48,"descriptions":0,"cycle":5,"phase":"rendered","privateBytes":25198592,"workingSetBytes":37363712,"handles":205,"gdi":4,"user":5}
{"fixture":"dxui-menu-resource-scaling-v1","entries":48,"descriptions":0,"cycle":5,"phase":"closed","privateBytes":25333760,"workingSetBytes":37670912,"handles":201,"gdi":4,"user":4}
{"fixture":"dxui-menu-resource-scaling-v1","entries":24,"descriptions":24,"cycle":5,"phase":"before","privateBytes":25399296,"workingSetBytes":37720064,"handles":201,"gdi":4,"user":4}
{"fixture":"dxui-menu-resource-scaling-v1","entries":24,"descriptions":24,"cycle":5,"phase":"rendered","privateBytes":24444928,"workingSetBytes":38051840,"handles":205,"gdi":4,"user":5}
{"fixture":"dxui-menu-resource-scaling-v1","entries":24,"descriptions":24,"cycle":5,"phase":"closed","privateBytes":23388160,"workingSetBytes":36663296,"handles":201,"gdi":4,"user":4}
{"fixture":"dxui-menu-resource-scaling-v1","entries":24,"descriptions":0,"cycle":5,"phase":"before","privateBytes":23388160,"workingSetBytes":36671488,"handles":201,"gdi":4,"user":4}
{"fixture":"dxui-menu-resource-scaling-v1","entries":24,"descriptions":0,"cycle":5,"phase":"rendered","privateBytes":25157632,"workingSetBytes":37617664,"handles":205,"gdi":4,"user":5}
{"fixture":"dxui-menu-resource-scaling-v1","entries":24,"descriptions":0,"cycle":5,"phase":"closed","privateBytes":21311488,"workingSetBytes":35151872,"handles":201,"gdi":4,"user":4}
{"fixture":"dxui-menu-resource-scaling-v1","entries":12,"descriptions":12,"cycle":5,"phase":"before","privateBytes":21311488,"workingSetBytes":35151872,"handles":201,"gdi":4,"user":4}
{"fixture":"dxui-menu-resource-scaling-v1","entries":12,"descriptions":12,"cycle":5,"phase":"rendered","privateBytes":27185152,"workingSetBytes":38457344,"handles":205,"gdi":4,"user":5}
{"fixture":"dxui-menu-resource-scaling-v1","entries":12,"descriptions":12,"cycle":5,"phase":"closed","privateBytes":27082752,"workingSetBytes":39084032,"handles":201,"gdi":4,"user":4}
{"fixture":"dxui-menu-resource-scaling-v1","entries":24,"descriptions":0,"cycle":6,"phase":"before","privateBytes":27082752,"workingSetBytes":39084032,"handles":201,"gdi":4,"user":4}
{"fixture":"dxui-menu-resource-scaling-v1","entries":24,"descriptions":0,"cycle":6,"phase":"rendered","privateBytes":26324992,"workingSetBytes":37928960,"handles":205,"gdi":4,"user":5}
{"fixture":"dxui-menu-resource-scaling-v1","entries":24,"descriptions":0,"cycle":6,"phase":"closed","privateBytes":26198016,"workingSetBytes":37806080,"handles":201,"gdi":4,"user":4}
{"fixture":"dxui-menu-resource-scaling-v1","entries":24,"descriptions":24,"cycle":6,"phase":"before","privateBytes":26329088,"workingSetBytes":37900288,"handles":201,"gdi":4,"user":4}
{"fixture":"dxui-menu-resource-scaling-v1","entries":24,"descriptions":24,"cycle":6,"phase":"rendered","privateBytes":26230784,"workingSetBytes":38469632,"handles":205,"gdi":4,"user":5}
{"fixture":"dxui-menu-resource-scaling-v1","entries":24,"descriptions":24,"cycle":6,"phase":"closed","privateBytes":23785472,"workingSetBytes":36347904,"handles":201,"gdi":4,"user":4}
{"fixture":"dxui-menu-resource-scaling-v1","entries":48,"descriptions":0,"cycle":6,"phase":"before","privateBytes":23916544,"workingSetBytes":36413440,"handles":201,"gdi":4,"user":4}
{"fixture":"dxui-menu-resource-scaling-v1","entries":48,"descriptions":0,"cycle":6,"phase":"rendered","privateBytes":24489984,"workingSetBytes":36741120,"handles":205,"gdi":4,"user":5}
{"fixture":"dxui-menu-resource-scaling-v1","entries":48,"descriptions":0,"cycle":6,"phase":"closed","privateBytes":24969216,"workingSetBytes":37232640,"handles":201,"gdi":4,"user":4}
{"fixture":"dxui-menu-resource-scaling-v1","entries":48,"descriptions":48,"cycle":6,"phase":"before","privateBytes":24969216,"workingSetBytes":37232640,"handles":201,"gdi":4,"user":4}
{"fixture":"dxui-menu-resource-scaling-v1","entries":48,"descriptions":48,"cycle":6,"phase":"rendered","privateBytes":28196864,"workingSetBytes":39632896,"handles":205,"gdi":4,"user":5}
{"fixture":"dxui-menu-resource-scaling-v1","entries":48,"descriptions":48,"cycle":6,"phase":"closed","privateBytes":26439680,"workingSetBytes":37421056,"handles":201,"gdi":4,"user":4}
{"fixture":"dxui-menu-resource-scaling-v1","entries":12,"descriptions":0,"cycle":6,"phase":"before","privateBytes":26574848,"workingSetBytes":37478400,"handles":201,"gdi":4,"user":4}
{"fixture":"dxui-menu-resource-scaling-v1","entries":12,"descriptions":0,"cycle":6,"phase":"rendered","privateBytes":24281088,"workingSetBytes":37433344,"handles":205,"gdi":4,"user":5}
{"fixture":"dxui-menu-resource-scaling-v1","entries":12,"descriptions":0,"cycle":6,"phase":"closed","privateBytes":24096768,"workingSetBytes":37277696,"handles":201,"gdi":4,"user":4}
{"fixture":"dxui-menu-resource-scaling-v1","entries":12,"descriptions":1,"cycle":6,"phase":"before","privateBytes":24096768,"workingSetBytes":37277696,"handles":201,"gdi":4,"user":4}
{"fixture":"dxui-menu-resource-scaling-v1","entries":12,"descriptions":1,"cycle":6,"phase":"rendered","privateBytes":24444928,"workingSetBytes":37302272,"handles":205,"gdi":4,"user":5}
{"fixture":"dxui-menu-resource-scaling-v1","entries":12,"descriptions":1,"cycle":6,"phase":"closed","privateBytes":23146496,"workingSetBytes":36089856,"handles":201,"gdi":4,"user":4}
{"fixture":"dxui-menu-resource-scaling-v1","entries":12,"descriptions":2,"cycle":6,"phase":"before","privateBytes":22818816,"workingSetBytes":35799040,"handles":201,"gdi":4,"user":4}
{"fixture":"dxui-menu-resource-scaling-v1","entries":12,"descriptions":2,"cycle":6,"phase":"rendered","privateBytes":24428544,"workingSetBytes":38006784,"handles":205,"gdi":4,"user":5}
{"fixture":"dxui-menu-resource-scaling-v1","entries":12,"descriptions":2,"cycle":6,"phase":"closed","privateBytes":24289280,"workingSetBytes":37851136,"handles":201,"gdi":4,"user":4}
{"fixture":"dxui-menu-resource-scaling-v1","entries":12,"descriptions":4,"cycle":6,"phase":"before","privateBytes":24289280,"workingSetBytes":37851136,"handles":201,"gdi":4,"user":4}
{"fixture":"dxui-menu-resource-scaling-v1","entries":12,"descriptions":4,"cycle":6,"phase":"rendered","privateBytes":26947584,"workingSetBytes":38809600,"handles":205,"gdi":4,"user":5}
{"fixture":"dxui-menu-resource-scaling-v1","entries":12,"descriptions":4,"cycle":6,"phase":"closed","privateBytes":26771456,"workingSetBytes":38662144,"handles":201,"gdi":4,"user":4}
{"fixture":"dxui-menu-resource-scaling-v1","entries":12,"descriptions":8,"cycle":6,"phase":"before","privateBytes":26771456,"workingSetBytes":38682624,"handles":201,"gdi":4,"user":4}
{"fixture":"dxui-menu-resource-scaling-v1","entries":12,"descriptions":8,"cycle":6,"phase":"rendered","privateBytes":25128960,"workingSetBytes":38158336,"handles":205,"gdi":4,"user":5}
{"fixture":"dxui-menu-resource-scaling-v1","entries":12,"descriptions":8,"cycle":6,"phase":"closed","privateBytes":25034752,"workingSetBytes":38055936,"handles":201,"gdi":4,"user":4}
{"fixture":"dxui-menu-resource-scaling-v1","entries":12,"descriptions":12,"cycle":6,"phase":"before","privateBytes":25034752,"workingSetBytes":38055936,"handles":201,"gdi":4,"user":4}
{"fixture":"dxui-menu-resource-scaling-v1","entries":12,"descriptions":12,"cycle":6,"phase":"rendered","privateBytes":25059328,"workingSetBytes":38248448,"handles":205,"gdi":4,"user":5}
{"fixture":"dxui-menu-resource-scaling-v1","entries":12,"descriptions":12,"cycle":6,"phase":"closed","privateBytes":24858624,"workingSetBytes":38088704,"handles":201,"gdi":4,"user":4}
{"fixture":"dxui-menu-resource-scaling-v1","entries":24,"descriptions":0,"cycle":7,"phase":"before","privateBytes":24858624,"workingSetBytes":38088704,"handles":201,"gdi":4,"user":4}
{"fixture":"dxui-menu-resource-scaling-v1","entries":24,"descriptions":0,"cycle":7,"phase":"rendered","privateBytes":25112576,"workingSetBytes":37425152,"handles":205,"gdi":4,"user":5}
{"fixture":"dxui-menu-resource-scaling-v1","entries":24,"descriptions":0,"cycle":7,"phase":"closed","privateBytes":25751552,"workingSetBytes":38055936,"handles":201,"gdi":4,"user":4}
{"fixture":"dxui-menu-resource-scaling-v1","entries":12,"descriptions":12,"cycle":7,"phase":"before","privateBytes":25817088,"workingSetBytes":38129664,"handles":201,"gdi":4,"user":4}
{"fixture":"dxui-menu-resource-scaling-v1","entries":12,"descriptions":12,"cycle":7,"phase":"rendered","privateBytes":26550272,"workingSetBytes":38830080,"handles":205,"gdi":4,"user":5}
{"fixture":"dxui-menu-resource-scaling-v1","entries":12,"descriptions":12,"cycle":7,"phase":"closed","privateBytes":26558464,"workingSetBytes":38887424,"handles":201,"gdi":4,"user":4}
{"fixture":"dxui-menu-resource-scaling-v1","entries":12,"descriptions":8,"cycle":7,"phase":"before","privateBytes":26558464,"workingSetBytes":38928384,"handles":201,"gdi":4,"user":4}
{"fixture":"dxui-menu-resource-scaling-v1","entries":12,"descriptions":8,"cycle":7,"phase":"rendered","privateBytes":27754496,"workingSetBytes":39428096,"handles":205,"gdi":4,"user":5}
{"fixture":"dxui-menu-resource-scaling-v1","entries":12,"descriptions":8,"cycle":7,"phase":"closed","privateBytes":27545600,"workingSetBytes":39280640,"handles":201,"gdi":4,"user":4}
{"fixture":"dxui-menu-resource-scaling-v1","entries":12,"descriptions":4,"cycle":7,"phase":"before","privateBytes":27545600,"workingSetBytes":39280640,"handles":201,"gdi":4,"user":4}
{"fixture":"dxui-menu-resource-scaling-v1","entries":12,"descriptions":4,"cycle":7,"phase":"rendered","privateBytes":24743936,"workingSetBytes":37638144,"handles":205,"gdi":4,"user":5}
{"fixture":"dxui-menu-resource-scaling-v1","entries":12,"descriptions":4,"cycle":7,"phase":"closed","privateBytes":24653824,"workingSetBytes":37511168,"handles":201,"gdi":4,"user":4}
{"fixture":"dxui-menu-resource-scaling-v1","entries":12,"descriptions":2,"cycle":7,"phase":"before","privateBytes":24653824,"workingSetBytes":37511168,"handles":201,"gdi":4,"user":4}
{"fixture":"dxui-menu-resource-scaling-v1","entries":12,"descriptions":2,"cycle":7,"phase":"rendered","privateBytes":23994368,"workingSetBytes":37138432,"handles":205,"gdi":4,"user":5}
{"fixture":"dxui-menu-resource-scaling-v1","entries":12,"descriptions":2,"cycle":7,"phase":"closed","privateBytes":22532096,"workingSetBytes":35377152,"handles":201,"gdi":4,"user":4}
{"fixture":"dxui-menu-resource-scaling-v1","entries":12,"descriptions":1,"cycle":7,"phase":"before","privateBytes":22532096,"workingSetBytes":35381248,"handles":201,"gdi":4,"user":4}
{"fixture":"dxui-menu-resource-scaling-v1","entries":12,"descriptions":1,"cycle":7,"phase":"rendered","privateBytes":26603520,"workingSetBytes":39915520,"handles":205,"gdi":4,"user":5}
{"fixture":"dxui-menu-resource-scaling-v1","entries":12,"descriptions":1,"cycle":7,"phase":"closed","privateBytes":26669056,"workingSetBytes":40030208,"handles":201,"gdi":4,"user":4}
{"fixture":"dxui-menu-resource-scaling-v1","entries":12,"descriptions":0,"cycle":7,"phase":"before","privateBytes":26669056,"workingSetBytes":40030208,"handles":201,"gdi":4,"user":4}
{"fixture":"dxui-menu-resource-scaling-v1","entries":12,"descriptions":0,"cycle":7,"phase":"rendered","privateBytes":26148864,"workingSetBytes":39579648,"handles":205,"gdi":4,"user":5}
{"fixture":"dxui-menu-resource-scaling-v1","entries":12,"descriptions":0,"cycle":7,"phase":"closed","privateBytes":26017792,"workingSetBytes":39510016,"handles":201,"gdi":4,"user":4}
{"fixture":"dxui-menu-resource-scaling-v1","entries":48,"descriptions":48,"cycle":7,"phase":"before","privateBytes":26017792,"workingSetBytes":39546880,"handles":201,"gdi":4,"user":4}
{"fixture":"dxui-menu-resource-scaling-v1","entries":48,"descriptions":48,"cycle":7,"phase":"rendered","privateBytes":26636288,"workingSetBytes":40030208,"handles":205,"gdi":4,"user":5}
{"fixture":"dxui-menu-resource-scaling-v1","entries":48,"descriptions":48,"cycle":7,"phase":"closed","privateBytes":22282240,"workingSetBytes":36720640,"handles":201,"gdi":4,"user":4}
{"fixture":"dxui-menu-resource-scaling-v1","entries":48,"descriptions":0,"cycle":7,"phase":"before","privateBytes":22409216,"workingSetBytes":36749312,"handles":201,"gdi":4,"user":4}
{"fixture":"dxui-menu-resource-scaling-v1","entries":48,"descriptions":0,"cycle":7,"phase":"rendered","privateBytes":23924736,"workingSetBytes":36790272,"handles":205,"gdi":4,"user":5}
{"fixture":"dxui-menu-resource-scaling-v1","entries":48,"descriptions":0,"cycle":7,"phase":"closed","privateBytes":24260608,"workingSetBytes":37208064,"handles":201,"gdi":4,"user":4}
{"fixture":"dxui-menu-resource-scaling-v1","entries":24,"descriptions":24,"cycle":7,"phase":"before","privateBytes":21422080,"workingSetBytes":35753984,"handles":201,"gdi":4,"user":4}
{"fixture":"dxui-menu-resource-scaling-v1","entries":24,"descriptions":24,"cycle":7,"phase":"rendered","privateBytes":25231360,"workingSetBytes":37748736,"handles":205,"gdi":4,"user":5}
{"fixture":"dxui-menu-resource-scaling-v1","entries":24,"descriptions":24,"cycle":7,"phase":"closed","privateBytes":22814720,"workingSetBytes":35614720,"handles":201,"gdi":4,"user":4}
{"fixture":"dxui-menu-resource-scaling-v1","entries":48,"descriptions":0,"cycle":8,"phase":"before","privateBytes":22880256,"workingSetBytes":35622912,"handles":201,"gdi":4,"user":4}
{"fixture":"dxui-menu-resource-scaling-v1","entries":48,"descriptions":0,"cycle":8,"phase":"rendered","privateBytes":24887296,"workingSetBytes":38199296,"handles":205,"gdi":4,"user":5}
{"fixture":"dxui-menu-resource-scaling-v1","entries":48,"descriptions":0,"cycle":8,"phase":"closed","privateBytes":25280512,"workingSetBytes":38592512,"handles":201,"gdi":4,"user":4}
{"fixture":"dxui-menu-resource-scaling-v1","entries":48,"descriptions":48,"cycle":8,"phase":"before","privateBytes":25280512,"workingSetBytes":38592512,"handles":201,"gdi":4,"user":4}
{"fixture":"dxui-menu-resource-scaling-v1","entries":48,"descriptions":48,"cycle":8,"phase":"rendered","privateBytes":29945856,"workingSetBytes":41517056,"handles":205,"gdi":4,"user":5}
{"fixture":"dxui-menu-resource-scaling-v1","entries":48,"descriptions":48,"cycle":8,"phase":"closed","privateBytes":26566656,"workingSetBytes":39124992,"handles":201,"gdi":4,"user":4}
{"fixture":"dxui-menu-resource-scaling-v1","entries":12,"descriptions":0,"cycle":8,"phase":"before","privateBytes":26566656,"workingSetBytes":39124992,"handles":201,"gdi":4,"user":4}
{"fixture":"dxui-menu-resource-scaling-v1","entries":12,"descriptions":0,"cycle":8,"phase":"rendered","privateBytes":26943488,"workingSetBytes":39378944,"handles":205,"gdi":4,"user":5}
{"fixture":"dxui-menu-resource-scaling-v1","entries":12,"descriptions":0,"cycle":8,"phase":"closed","privateBytes":25784320,"workingSetBytes":38289408,"handles":201,"gdi":4,"user":4}
{"fixture":"dxui-menu-resource-scaling-v1","entries":12,"descriptions":1,"cycle":8,"phase":"before","privateBytes":25784320,"workingSetBytes":38289408,"handles":201,"gdi":4,"user":4}
{"fixture":"dxui-menu-resource-scaling-v1","entries":12,"descriptions":1,"cycle":8,"phase":"rendered","privateBytes":26083328,"workingSetBytes":38989824,"handles":205,"gdi":4,"user":5}
{"fixture":"dxui-menu-resource-scaling-v1","entries":12,"descriptions":1,"cycle":8,"phase":"closed","privateBytes":25878528,"workingSetBytes":38830080,"handles":201,"gdi":4,"user":4}
{"fixture":"dxui-menu-resource-scaling-v1","entries":12,"descriptions":2,"cycle":8,"phase":"before","privateBytes":25878528,"workingSetBytes":38830080,"handles":201,"gdi":4,"user":4}
{"fixture":"dxui-menu-resource-scaling-v1","entries":12,"descriptions":2,"cycle":8,"phase":"rendered","privateBytes":26095616,"workingSetBytes":38711296,"handles":205,"gdi":4,"user":5}
{"fixture":"dxui-menu-resource-scaling-v1","entries":12,"descriptions":2,"cycle":8,"phase":"closed","privateBytes":24031232,"workingSetBytes":37232640,"handles":201,"gdi":4,"user":4}
{"fixture":"dxui-menu-resource-scaling-v1","entries":12,"descriptions":4,"cycle":8,"phase":"before","privateBytes":24031232,"workingSetBytes":37232640,"handles":201,"gdi":4,"user":4}
{"fixture":"dxui-menu-resource-scaling-v1","entries":12,"descriptions":4,"cycle":8,"phase":"rendered","privateBytes":26988544,"workingSetBytes":38813696,"handles":205,"gdi":4,"user":5}
{"fixture":"dxui-menu-resource-scaling-v1","entries":12,"descriptions":4,"cycle":8,"phase":"closed","privateBytes":26431488,"workingSetBytes":38318080,"handles":201,"gdi":4,"user":4}
{"fixture":"dxui-menu-resource-scaling-v1","entries":12,"descriptions":8,"cycle":8,"phase":"before","privateBytes":26300416,"workingSetBytes":38187008,"handles":201,"gdi":4,"user":4}
{"fixture":"dxui-menu-resource-scaling-v1","entries":12,"descriptions":8,"cycle":8,"phase":"rendered","privateBytes":27508736,"workingSetBytes":39362560,"handles":205,"gdi":4,"user":5}
{"fixture":"dxui-menu-resource-scaling-v1","entries":12,"descriptions":8,"cycle":8,"phase":"closed","privateBytes":24240128,"workingSetBytes":36499456,"handles":201,"gdi":4,"user":4}
{"fixture":"dxui-menu-resource-scaling-v1","entries":12,"descriptions":12,"cycle":8,"phase":"before","privateBytes":24240128,"workingSetBytes":36499456,"handles":201,"gdi":4,"user":4}
{"fixture":"dxui-menu-resource-scaling-v1","entries":12,"descriptions":12,"cycle":8,"phase":"rendered","privateBytes":28913664,"workingSetBytes":40189952,"handles":205,"gdi":4,"user":5}
{"fixture":"dxui-menu-resource-scaling-v1","entries":12,"descriptions":12,"cycle":8,"phase":"closed","privateBytes":29298688,"workingSetBytes":40615936,"handles":201,"gdi":4,"user":4}
{"fixture":"dxui-menu-resource-scaling-v1","entries":24,"descriptions":0,"cycle":8,"phase":"before","privateBytes":29364224,"workingSetBytes":40677376,"handles":201,"gdi":4,"user":4}
{"fixture":"dxui-menu-resource-scaling-v1","entries":24,"descriptions":0,"cycle":8,"phase":"rendered","privateBytes":27148288,"workingSetBytes":39043072,"handles":205,"gdi":4,"user":5}
{"fixture":"dxui-menu-resource-scaling-v1","entries":24,"descriptions":0,"cycle":8,"phase":"closed","privateBytes":25972736,"workingSetBytes":37871616,"handles":201,"gdi":4,"user":4}
{"fixture":"dxui-menu-resource-scaling-v1","entries":24,"descriptions":24,"cycle":8,"phase":"before","privateBytes":25710592,"workingSetBytes":37675008,"handles":201,"gdi":4,"user":4}
{"fixture":"dxui-menu-resource-scaling-v1","entries":24,"descriptions":24,"cycle":8,"phase":"rendered","privateBytes":27643904,"workingSetBytes":39186432,"handles":205,"gdi":4,"user":5}
{"fixture":"dxui-menu-resource-scaling-v1","entries":24,"descriptions":24,"cycle":8,"phase":"closed","privateBytes":23822336,"workingSetBytes":36368384,"handles":201,"gdi":4,"user":4}
{"fixture":"dxui-menu-resource-scaling-v1","entries":48,"descriptions":0,"cycle":9,"phase":"before","privateBytes":23863296,"workingSetBytes":36372480,"handles":201,"gdi":4,"user":4}
{"fixture":"dxui-menu-resource-scaling-v1","entries":48,"descriptions":0,"cycle":9,"phase":"rendered","privateBytes":27668480,"workingSetBytes":38887424,"handles":205,"gdi":4,"user":5}
{"fixture":"dxui-menu-resource-scaling-v1","entries":48,"descriptions":0,"cycle":9,"phase":"closed","privateBytes":25092096,"workingSetBytes":36425728,"handles":201,"gdi":4,"user":4}
{"fixture":"dxui-menu-resource-scaling-v1","entries":24,"descriptions":24,"cycle":9,"phase":"before","privateBytes":24961024,"workingSetBytes":36286464,"handles":201,"gdi":4,"user":4}
{"fixture":"dxui-menu-resource-scaling-v1","entries":24,"descriptions":24,"cycle":9,"phase":"rendered","privateBytes":28225536,"workingSetBytes":39673856,"handles":205,"gdi":4,"user":5}
{"fixture":"dxui-menu-resource-scaling-v1","entries":24,"descriptions":24,"cycle":9,"phase":"closed","privateBytes":25047040,"workingSetBytes":38006784,"handles":201,"gdi":4,"user":4}
{"fixture":"dxui-menu-resource-scaling-v1","entries":24,"descriptions":0,"cycle":9,"phase":"before","privateBytes":25047040,"workingSetBytes":38014976,"handles":201,"gdi":4,"user":4}
{"fixture":"dxui-menu-resource-scaling-v1","entries":24,"descriptions":0,"cycle":9,"phase":"rendered","privateBytes":27594752,"workingSetBytes":39546880,"handles":205,"gdi":4,"user":5}
{"fixture":"dxui-menu-resource-scaling-v1","entries":24,"descriptions":0,"cycle":9,"phase":"closed","privateBytes":26750976,"workingSetBytes":38866944,"handles":201,"gdi":4,"user":4}
{"fixture":"dxui-menu-resource-scaling-v1","entries":12,"descriptions":12,"cycle":9,"phase":"before","privateBytes":26750976,"workingSetBytes":39153664,"handles":201,"gdi":4,"user":4}
{"fixture":"dxui-menu-resource-scaling-v1","entries":12,"descriptions":12,"cycle":9,"phase":"rendered","privateBytes":22691840,"workingSetBytes":34959360,"handles":205,"gdi":4,"user":5}
{"fixture":"dxui-menu-resource-scaling-v1","entries":12,"descriptions":12,"cycle":9,"phase":"closed","privateBytes":22499328,"workingSetBytes":34803712,"handles":201,"gdi":4,"user":4}
{"fixture":"dxui-menu-resource-scaling-v1","entries":12,"descriptions":8,"cycle":9,"phase":"before","privateBytes":22499328,"workingSetBytes":34803712,"handles":201,"gdi":4,"user":4}
{"fixture":"dxui-menu-resource-scaling-v1","entries":12,"descriptions":8,"cycle":9,"phase":"rendered","privateBytes":26238976,"workingSetBytes":38735872,"handles":205,"gdi":4,"user":5}
{"fixture":"dxui-menu-resource-scaling-v1","entries":12,"descriptions":8,"cycle":9,"phase":"closed","privateBytes":23404544,"workingSetBytes":37490688,"handles":201,"gdi":4,"user":4}
{"fixture":"dxui-menu-resource-scaling-v1","entries":12,"descriptions":4,"cycle":9,"phase":"before","privateBytes":23429120,"workingSetBytes":37507072,"handles":201,"gdi":4,"user":4}
{"fixture":"dxui-menu-resource-scaling-v1","entries":12,"descriptions":4,"cycle":9,"phase":"rendered","privateBytes":26087424,"workingSetBytes":37793792,"handles":205,"gdi":4,"user":5}
{"fixture":"dxui-menu-resource-scaling-v1","entries":12,"descriptions":4,"cycle":9,"phase":"closed","privateBytes":27009024,"workingSetBytes":38760448,"handles":201,"gdi":4,"user":4}
{"fixture":"dxui-menu-resource-scaling-v1","entries":12,"descriptions":2,"cycle":9,"phase":"before","privateBytes":27009024,"workingSetBytes":38772736,"handles":201,"gdi":4,"user":4}
{"fixture":"dxui-menu-resource-scaling-v1","entries":12,"descriptions":2,"cycle":9,"phase":"rendered","privateBytes":25804800,"workingSetBytes":38551552,"handles":205,"gdi":4,"user":5}
{"fixture":"dxui-menu-resource-scaling-v1","entries":12,"descriptions":2,"cycle":9,"phase":"closed","privateBytes":26271744,"workingSetBytes":39022592,"handles":201,"gdi":4,"user":4}
{"fixture":"dxui-menu-resource-scaling-v1","entries":12,"descriptions":1,"cycle":9,"phase":"before","privateBytes":26345472,"workingSetBytes":39084032,"handles":201,"gdi":4,"user":4}
{"fixture":"dxui-menu-resource-scaling-v1","entries":12,"descriptions":1,"cycle":9,"phase":"rendered","privateBytes":26632192,"workingSetBytes":38293504,"handles":205,"gdi":4,"user":5}
{"fixture":"dxui-menu-resource-scaling-v1","entries":12,"descriptions":1,"cycle":9,"phase":"closed","privateBytes":26763264,"workingSetBytes":38395904,"handles":201,"gdi":4,"user":4}
{"fixture":"dxui-menu-resource-scaling-v1","entries":12,"descriptions":0,"cycle":9,"phase":"before","privateBytes":26894336,"workingSetBytes":38531072,"handles":201,"gdi":4,"user":4}
{"fixture":"dxui-menu-resource-scaling-v1","entries":12,"descriptions":0,"cycle":9,"phase":"rendered","privateBytes":27693056,"workingSetBytes":40136704,"handles":205,"gdi":4,"user":5}
{"fixture":"dxui-menu-resource-scaling-v1","entries":12,"descriptions":0,"cycle":9,"phase":"closed","privateBytes":26722304,"workingSetBytes":39186432,"handles":201,"gdi":4,"user":4}
{"fixture":"dxui-menu-resource-scaling-v1","entries":48,"descriptions":48,"cycle":9,"phase":"before","privateBytes":26722304,"workingSetBytes":39235584,"handles":201,"gdi":4,"user":4}
{"fixture":"dxui-menu-resource-scaling-v1","entries":48,"descriptions":48,"cycle":9,"phase":"rendered","privateBytes":28917760,"workingSetBytes":39944192,"handles":205,"gdi":4,"user":5}
{"fixture":"dxui-menu-resource-scaling-v1","entries":48,"descriptions":48,"cycle":9,"phase":"closed","privateBytes":26050560,"workingSetBytes":37613568,"handles":201,"gdi":4,"user":4}
{"fixture":"dxui-menu-resource-scaling-v1","entries":12,"descriptions":0,"cycle":10,"phase":"before","privateBytes":25985024,"workingSetBytes":37531648,"handles":201,"gdi":4,"user":4}
{"fixture":"dxui-menu-resource-scaling-v1","entries":12,"descriptions":0,"cycle":10,"phase":"rendered","privateBytes":23863296,"workingSetBytes":36818944,"handles":205,"gdi":4,"user":5}
{"fixture":"dxui-menu-resource-scaling-v1","entries":12,"descriptions":0,"cycle":10,"phase":"closed","privateBytes":23670784,"workingSetBytes":36687872,"handles":201,"gdi":4,"user":4}
{"fixture":"dxui-menu-resource-scaling-v1","entries":12,"descriptions":1,"cycle":10,"phase":"before","privateBytes":23670784,"workingSetBytes":36687872,"handles":201,"gdi":4,"user":4}
{"fixture":"dxui-menu-resource-scaling-v1","entries":12,"descriptions":1,"cycle":10,"phase":"rendered","privateBytes":27766784,"workingSetBytes":39661568,"handles":205,"gdi":4,"user":5}
{"fixture":"dxui-menu-resource-scaling-v1","entries":12,"descriptions":1,"cycle":10,"phase":"closed","privateBytes":27615232,"workingSetBytes":39534592,"handles":201,"gdi":4,"user":4}
{"fixture":"dxui-menu-resource-scaling-v1","entries":12,"descriptions":2,"cycle":10,"phase":"before","privateBytes":27615232,"workingSetBytes":39534592,"handles":201,"gdi":4,"user":4}
{"fixture":"dxui-menu-resource-scaling-v1","entries":12,"descriptions":2,"cycle":10,"phase":"rendered","privateBytes":28143616,"workingSetBytes":40017920,"handles":205,"gdi":4,"user":5}
{"fixture":"dxui-menu-resource-scaling-v1","entries":12,"descriptions":2,"cycle":10,"phase":"closed","privateBytes":28495872,"workingSetBytes":40370176,"handles":201,"gdi":4,"user":4}
{"fixture":"dxui-menu-resource-scaling-v1","entries":12,"descriptions":4,"cycle":10,"phase":"before","privateBytes":28430336,"workingSetBytes":40333312,"handles":201,"gdi":4,"user":4}
{"fixture":"dxui-menu-resource-scaling-v1","entries":12,"descriptions":4,"cycle":10,"phase":"rendered","privateBytes":26460160,"workingSetBytes":38395904,"handles":205,"gdi":4,"user":5}
{"fixture":"dxui-menu-resource-scaling-v1","entries":12,"descriptions":4,"cycle":10,"phase":"closed","privateBytes":26267648,"workingSetBytes":38248448,"handles":201,"gdi":4,"user":4}
{"fixture":"dxui-menu-resource-scaling-v1","entries":12,"descriptions":8,"cycle":10,"phase":"before","privateBytes":26267648,"workingSetBytes":38248448,"handles":201,"gdi":4,"user":4}
{"fixture":"dxui-menu-resource-scaling-v1","entries":12,"descriptions":8,"cycle":10,"phase":"rendered","privateBytes":26476544,"workingSetBytes":39366656,"handles":205,"gdi":4,"user":5}
{"fixture":"dxui-menu-resource-scaling-v1","entries":12,"descriptions":8,"cycle":10,"phase":"closed","privateBytes":26357760,"workingSetBytes":39235584,"handles":201,"gdi":4,"user":4}
{"fixture":"dxui-menu-resource-scaling-v1","entries":12,"descriptions":12,"cycle":10,"phase":"before","privateBytes":26357760,"workingSetBytes":39235584,"handles":201,"gdi":4,"user":4}
{"fixture":"dxui-menu-resource-scaling-v1","entries":12,"descriptions":12,"cycle":10,"phase":"rendered","privateBytes":25485312,"workingSetBytes":39227392,"handles":205,"gdi":4,"user":5}
{"fixture":"dxui-menu-resource-scaling-v1","entries":12,"descriptions":12,"cycle":10,"phase":"closed","privateBytes":24367104,"workingSetBytes":38191104,"handles":201,"gdi":4,"user":4}
{"fixture":"dxui-menu-resource-scaling-v1","entries":24,"descriptions":0,"cycle":10,"phase":"before","privateBytes":24367104,"workingSetBytes":38195200,"handles":201,"gdi":4,"user":4}
{"fixture":"dxui-menu-resource-scaling-v1","entries":24,"descriptions":0,"cycle":10,"phase":"rendered","privateBytes":27389952,"workingSetBytes":39477248,"handles":205,"gdi":4,"user":5}
{"fixture":"dxui-menu-resource-scaling-v1","entries":24,"descriptions":0,"cycle":10,"phase":"closed","privateBytes":27283456,"workingSetBytes":39329792,"handles":201,"gdi":4,"user":4}
{"fixture":"dxui-menu-resource-scaling-v1","entries":24,"descriptions":24,"cycle":10,"phase":"before","privateBytes":27348992,"workingSetBytes":39387136,"handles":201,"gdi":4,"user":4}
{"fixture":"dxui-menu-resource-scaling-v1","entries":24,"descriptions":24,"cycle":10,"phase":"rendered","privateBytes":28213248,"workingSetBytes":40656896,"handles":205,"gdi":4,"user":5}
{"fixture":"dxui-menu-resource-scaling-v1","entries":24,"descriptions":24,"cycle":10,"phase":"closed","privateBytes":25845760,"workingSetBytes":38625280,"handles":201,"gdi":4,"user":4}
{"fixture":"dxui-menu-resource-scaling-v1","entries":48,"descriptions":0,"cycle":10,"phase":"before","privateBytes":25911296,"workingSetBytes":38662144,"handles":201,"gdi":4,"user":4}
{"fixture":"dxui-menu-resource-scaling-v1","entries":48,"descriptions":0,"cycle":10,"phase":"rendered","privateBytes":27594752,"workingSetBytes":39116800,"handles":205,"gdi":4,"user":5}
{"fixture":"dxui-menu-resource-scaling-v1","entries":48,"descriptions":0,"cycle":10,"phase":"closed","privateBytes":27672576,"workingSetBytes":39841792,"handles":201,"gdi":4,"user":4}
{"fixture":"dxui-menu-resource-scaling-v1","entries":48,"descriptions":48,"cycle":10,"phase":"before","privateBytes":27738112,"workingSetBytes":39915520,"handles":201,"gdi":4,"user":4}
{"fixture":"dxui-menu-resource-scaling-v1","entries":48,"descriptions":48,"cycle":10,"phase":"rendered","privateBytes":29282304,"workingSetBytes":41353216,"handles":205,"gdi":4,"user":5}
{"fixture":"dxui-menu-resource-scaling-v1","entries":48,"descriptions":48,"cycle":10,"phase":"closed","privateBytes":25866240,"workingSetBytes":37847040,"handles":201,"gdi":4,"user":4}
{"fixture":"dxui-menu-resource-scaling-v1","entries":12,"descriptions":0,"cycle":11,"phase":"before","privateBytes":24137728,"workingSetBytes":37396480,"handles":201,"gdi":4,"user":4}
{"fixture":"dxui-menu-resource-scaling-v1","entries":12,"descriptions":0,"cycle":11,"phase":"rendered","privateBytes":25436160,"workingSetBytes":38346752,"handles":205,"gdi":4,"user":5}
{"fixture":"dxui-menu-resource-scaling-v1","entries":12,"descriptions":0,"cycle":11,"phase":"closed","privateBytes":23883776,"workingSetBytes":36872192,"handles":201,"gdi":4,"user":4}
{"fixture":"dxui-menu-resource-scaling-v1","entries":48,"descriptions":48,"cycle":11,"phase":"before","privateBytes":23883776,"workingSetBytes":36884480,"handles":201,"gdi":4,"user":4}
{"fixture":"dxui-menu-resource-scaling-v1","entries":48,"descriptions":48,"cycle":11,"phase":"rendered","privateBytes":31588352,"workingSetBytes":38952960,"handles":205,"gdi":4,"user":5}
{"fixture":"dxui-menu-resource-scaling-v1","entries":48,"descriptions":48,"cycle":11,"phase":"closed","privateBytes":26017792,"workingSetBytes":35569664,"handles":201,"gdi":4,"user":4}
{"fixture":"dxui-menu-resource-scaling-v1","entries":48,"descriptions":0,"cycle":11,"phase":"before","privateBytes":26181632,"workingSetBytes":35586048,"handles":201,"gdi":4,"user":4}
{"fixture":"dxui-menu-resource-scaling-v1","entries":48,"descriptions":0,"cycle":11,"phase":"rendered","privateBytes":28962816,"workingSetBytes":38297600,"handles":205,"gdi":4,"user":5}
{"fixture":"dxui-menu-resource-scaling-v1","entries":48,"descriptions":0,"cycle":11,"phase":"closed","privateBytes":28569600,"workingSetBytes":38580224,"handles":201,"gdi":4,"user":4}
{"fixture":"dxui-menu-resource-scaling-v1","entries":24,"descriptions":24,"cycle":11,"phase":"before","privateBytes":28569600,"workingSetBytes":38580224,"handles":201,"gdi":4,"user":4}
{"fixture":"dxui-menu-resource-scaling-v1","entries":24,"descriptions":24,"cycle":11,"phase":"rendered","privateBytes":29753344,"workingSetBytes":38391808,"handles":205,"gdi":4,"user":5}
{"fixture":"dxui-menu-resource-scaling-v1","entries":24,"descriptions":24,"cycle":11,"phase":"closed","privateBytes":26521600,"workingSetBytes":36020224,"handles":201,"gdi":4,"user":4}
{"fixture":"dxui-menu-resource-scaling-v1","entries":24,"descriptions":0,"cycle":11,"phase":"before","privateBytes":26521600,"workingSetBytes":36020224,"handles":201,"gdi":4,"user":4}
{"fixture":"dxui-menu-resource-scaling-v1","entries":24,"descriptions":0,"cycle":11,"phase":"rendered","privateBytes":27901952,"workingSetBytes":38215680,"handles":205,"gdi":4,"user":5}
{"fixture":"dxui-menu-resource-scaling-v1","entries":24,"descriptions":0,"cycle":11,"phase":"closed","privateBytes":28020736,"workingSetBytes":38330368,"handles":201,"gdi":4,"user":4}
{"fixture":"dxui-menu-resource-scaling-v1","entries":12,"descriptions":12,"cycle":11,"phase":"before","privateBytes":28020736,"workingSetBytes":38330368,"handles":201,"gdi":4,"user":4}
{"fixture":"dxui-menu-resource-scaling-v1","entries":12,"descriptions":12,"cycle":11,"phase":"rendered","privateBytes":30154752,"workingSetBytes":39563264,"handles":205,"gdi":4,"user":5}
{"fixture":"dxui-menu-resource-scaling-v1","entries":12,"descriptions":12,"cycle":11,"phase":"closed","privateBytes":29962240,"workingSetBytes":39432192,"handles":201,"gdi":4,"user":4}
{"fixture":"dxui-menu-resource-scaling-v1","entries":12,"descriptions":8,"cycle":11,"phase":"before","privateBytes":29962240,"workingSetBytes":39432192,"handles":201,"gdi":4,"user":4}
{"fixture":"dxui-menu-resource-scaling-v1","entries":12,"descriptions":8,"cycle":11,"phase":"rendered","privateBytes":27312128,"workingSetBytes":38588416,"handles":205,"gdi":4,"user":5}
{"fixture":"dxui-menu-resource-scaling-v1","entries":12,"descriptions":8,"cycle":11,"phase":"closed","privateBytes":28442624,"workingSetBytes":38776832,"handles":201,"gdi":4,"user":4}
{"fixture":"dxui-menu-resource-scaling-v1","entries":12,"descriptions":4,"cycle":11,"phase":"before","privateBytes":28508160,"workingSetBytes":38838272,"handles":201,"gdi":4,"user":4}
{"fixture":"dxui-menu-resource-scaling-v1","entries":12,"descriptions":4,"cycle":11,"phase":"rendered","privateBytes":29929472,"workingSetBytes":40304640,"handles":205,"gdi":4,"user":5}
{"fixture":"dxui-menu-resource-scaling-v1","entries":12,"descriptions":4,"cycle":11,"phase":"closed","privateBytes":29736960,"workingSetBytes":40165376,"handles":201,"gdi":4,"user":4}
{"fixture":"dxui-menu-resource-scaling-v1","entries":12,"descriptions":2,"cycle":11,"phase":"before","privateBytes":29736960,"workingSetBytes":40177664,"handles":201,"gdi":4,"user":4}
{"fixture":"dxui-menu-resource-scaling-v1","entries":12,"descriptions":2,"cycle":11,"phase":"rendered","privateBytes":28348416,"workingSetBytes":40398848,"handles":205,"gdi":4,"user":5}
{"fixture":"dxui-menu-resource-scaling-v1","entries":12,"descriptions":2,"cycle":11,"phase":"closed","privateBytes":27389952,"workingSetBytes":39481344,"handles":201,"gdi":4,"user":4}
{"fixture":"dxui-menu-resource-scaling-v1","entries":12,"descriptions":1,"cycle":11,"phase":"before","privateBytes":27455488,"workingSetBytes":39542784,"handles":201,"gdi":4,"user":4}
{"fixture":"dxui-menu-resource-scaling-v1","entries":12,"descriptions":1,"cycle":11,"phase":"rendered","privateBytes":26562560,"workingSetBytes":38715392,"handles":205,"gdi":4,"user":5}
{"fixture":"dxui-menu-resource-scaling-v1","entries":12,"descriptions":1,"cycle":11,"phase":"closed","privateBytes":26181632,"workingSetBytes":38785024,"handles":201,"gdi":4,"user":4}
{"fixture":"dxui-menu-resource-scaling-v1","entries":12,"descriptions":2,"cycle":12,"phase":"before","privateBytes":26181632,"workingSetBytes":38866944,"handles":201,"gdi":4,"user":4}
{"fixture":"dxui-menu-resource-scaling-v1","entries":12,"descriptions":2,"cycle":12,"phase":"rendered","privateBytes":27475968,"workingSetBytes":39223296,"handles":205,"gdi":4,"user":5}
{"fixture":"dxui-menu-resource-scaling-v1","entries":12,"descriptions":2,"cycle":12,"phase":"closed","privateBytes":27348992,"workingSetBytes":39120896,"handles":201,"gdi":4,"user":4}
{"fixture":"dxui-menu-resource-scaling-v1","entries":12,"descriptions":4,"cycle":12,"phase":"before","privateBytes":27348992,"workingSetBytes":39120896,"handles":201,"gdi":4,"user":4}
{"fixture":"dxui-menu-resource-scaling-v1","entries":12,"descriptions":4,"cycle":12,"phase":"rendered","privateBytes":25882624,"workingSetBytes":38604800,"handles":205,"gdi":4,"user":5}
{"fixture":"dxui-menu-resource-scaling-v1","entries":12,"descriptions":4,"cycle":12,"phase":"closed","privateBytes":25886720,"workingSetBytes":38666240,"handles":201,"gdi":4,"user":4}
{"fixture":"dxui-menu-resource-scaling-v1","entries":12,"descriptions":8,"cycle":12,"phase":"before","privateBytes":25886720,"workingSetBytes":38666240,"handles":201,"gdi":4,"user":4}
{"fixture":"dxui-menu-resource-scaling-v1","entries":12,"descriptions":8,"cycle":12,"phase":"rendered","privateBytes":26738688,"workingSetBytes":39374848,"handles":205,"gdi":4,"user":5}
{"fixture":"dxui-menu-resource-scaling-v1","entries":12,"descriptions":8,"cycle":12,"phase":"closed","privateBytes":23142400,"workingSetBytes":36364288,"handles":201,"gdi":4,"user":4}
{"fixture":"dxui-menu-resource-scaling-v1","entries":12,"descriptions":12,"cycle":12,"phase":"before","privateBytes":23158784,"workingSetBytes":36438016,"handles":201,"gdi":4,"user":4}
{"fixture":"dxui-menu-resource-scaling-v1","entries":12,"descriptions":12,"cycle":12,"phase":"rendered","privateBytes":25497600,"workingSetBytes":38002688,"handles":205,"gdi":4,"user":5}
{"fixture":"dxui-menu-resource-scaling-v1","entries":12,"descriptions":12,"cycle":12,"phase":"closed","privateBytes":25370624,"workingSetBytes":37871616,"handles":201,"gdi":4,"user":4}
{"fixture":"dxui-menu-resource-scaling-v1","entries":24,"descriptions":0,"cycle":12,"phase":"before","privateBytes":25370624,"workingSetBytes":37875712,"handles":201,"gdi":4,"user":4}
{"fixture":"dxui-menu-resource-scaling-v1","entries":24,"descriptions":0,"cycle":12,"phase":"rendered","privateBytes":26398720,"workingSetBytes":39030784,"handles":205,"gdi":4,"user":5}
{"fixture":"dxui-menu-resource-scaling-v1","entries":24,"descriptions":0,"cycle":12,"phase":"closed","privateBytes":26992640,"workingSetBytes":39698432,"handles":201,"gdi":4,"user":4}
{"fixture":"dxui-menu-resource-scaling-v1","entries":24,"descriptions":24,"cycle":12,"phase":"before","privateBytes":27058176,"workingSetBytes":39731200,"handles":201,"gdi":4,"user":4}
{"fixture":"dxui-menu-resource-scaling-v1","entries":24,"descriptions":24,"cycle":12,"phase":"rendered","privateBytes":28590080,"workingSetBytes":40419328,"handles":205,"gdi":4,"user":5}
{"fixture":"dxui-menu-resource-scaling-v1","entries":24,"descriptions":24,"cycle":12,"phase":"closed","privateBytes":28545024,"workingSetBytes":40345600,"handles":201,"gdi":4,"user":4}
{"fixture":"dxui-menu-resource-scaling-v1","entries":48,"descriptions":0,"cycle":12,"phase":"before","privateBytes":28545024,"workingSetBytes":40345600,"handles":201,"gdi":4,"user":4}
{"fixture":"dxui-menu-resource-scaling-v1","entries":48,"descriptions":0,"cycle":12,"phase":"rendered","privateBytes":27521024,"workingSetBytes":39407616,"handles":205,"gdi":4,"user":5}
{"fixture":"dxui-menu-resource-scaling-v1","entries":48,"descriptions":0,"cycle":12,"phase":"closed","privateBytes":27525120,"workingSetBytes":39350272,"handles":201,"gdi":4,"user":4}
{"fixture":"dxui-menu-resource-scaling-v1","entries":48,"descriptions":48,"cycle":12,"phase":"before","privateBytes":27590656,"workingSetBytes":39403520,"handles":201,"gdi":4,"user":4}
{"fixture":"dxui-menu-resource-scaling-v1","entries":48,"descriptions":48,"cycle":12,"phase":"rendered","privateBytes":29511680,"workingSetBytes":42151936,"handles":205,"gdi":4,"user":5}
{"fixture":"dxui-menu-resource-scaling-v1","entries":48,"descriptions":48,"cycle":12,"phase":"closed","privateBytes":27062272,"workingSetBytes":39604224,"handles":201,"gdi":4,"user":4}
{"fixture":"dxui-menu-resource-scaling-v1","entries":12,"descriptions":0,"cycle":12,"phase":"before","privateBytes":27062272,"workingSetBytes":39608320,"handles":201,"gdi":4,"user":4}
{"fixture":"dxui-menu-resource-scaling-v1","entries":12,"descriptions":0,"cycle":12,"phase":"rendered","privateBytes":27140096,"workingSetBytes":40275968,"handles":205,"gdi":4,"user":5}
{"fixture":"dxui-menu-resource-scaling-v1","entries":12,"descriptions":0,"cycle":12,"phase":"closed","privateBytes":27471872,"workingSetBytes":40611840,"handles":201,"gdi":4,"user":4}
{"fixture":"dxui-menu-resource-scaling-v1","entries":12,"descriptions":1,"cycle":12,"phase":"before","privateBytes":27471872,"workingSetBytes":40620032,"handles":201,"gdi":4,"user":4}
{"fixture":"dxui-menu-resource-scaling-v1","entries":12,"descriptions":1,"cycle":12,"phase":"rendered","privateBytes":27725824,"workingSetBytes":40062976,"handles":205,"gdi":4,"user":5}
{"fixture":"dxui-menu-resource-scaling-v1","entries":12,"descriptions":1,"cycle":12,"phase":"closed","privateBytes":27533312,"workingSetBytes":39907328,"handles":201,"gdi":4,"user":4}
{"fixture":"dxui-menu-resource-scaling-v1","entries":12,"descriptions":2,"cycle":13,"phase":"before","privateBytes":27533312,"workingSetBytes":39907328,"handles":201,"gdi":4,"user":4}
{"fixture":"dxui-menu-resource-scaling-v1","entries":12,"descriptions":2,"cycle":13,"phase":"rendered","privateBytes":26726400,"workingSetBytes":39960576,"handles":205,"gdi":4,"user":5}
{"fixture":"dxui-menu-resource-scaling-v1","entries":12,"descriptions":2,"cycle":13,"phase":"closed","privateBytes":26537984,"workingSetBytes":39821312,"handles":201,"gdi":4,"user":4}
{"fixture":"dxui-menu-resource-scaling-v1","entries":12,"descriptions":1,"cycle":13,"phase":"before","privateBytes":26537984,"workingSetBytes":39821312,"handles":201,"gdi":4,"user":4}
{"fixture":"dxui-menu-resource-scaling-v1","entries":12,"descriptions":1,"cycle":13,"phase":"rendered","privateBytes":27607040,"workingSetBytes":39444480,"handles":205,"gdi":4,"user":5}
{"fixture":"dxui-menu-resource-scaling-v1","entries":12,"descriptions":1,"cycle":13,"phase":"closed","privateBytes":27611136,"workingSetBytes":39489536,"handles":201,"gdi":4,"user":4}
{"fixture":"dxui-menu-resource-scaling-v1","entries":12,"descriptions":0,"cycle":13,"phase":"before","privateBytes":27611136,"workingSetBytes":39489536,"handles":201,"gdi":4,"user":4}
{"fixture":"dxui-menu-resource-scaling-v1","entries":12,"descriptions":0,"cycle":13,"phase":"rendered","privateBytes":29294592,"workingSetBytes":41082880,"handles":205,"gdi":4,"user":5}
{"fixture":"dxui-menu-resource-scaling-v1","entries":12,"descriptions":0,"cycle":13,"phase":"closed","privateBytes":29626368,"workingSetBytes":41467904,"handles":201,"gdi":4,"user":4}
{"fixture":"dxui-menu-resource-scaling-v1","entries":48,"descriptions":48,"cycle":13,"phase":"before","privateBytes":29626368,"workingSetBytes":41472000,"handles":201,"gdi":4,"user":4}
{"fixture":"dxui-menu-resource-scaling-v1","entries":48,"descriptions":48,"cycle":13,"phase":"rendered","privateBytes":30318592,"workingSetBytes":41197568,"handles":205,"gdi":4,"user":5}
{"fixture":"dxui-menu-resource-scaling-v1","entries":48,"descriptions":48,"cycle":13,"phase":"closed","privateBytes":25030656,"workingSetBytes":37974016,"handles":201,"gdi":4,"user":4}
{"fixture":"dxui-menu-resource-scaling-v1","entries":48,"descriptions":0,"cycle":13,"phase":"before","privateBytes":25030656,"workingSetBytes":38150144,"handles":201,"gdi":4,"user":4}
{"fixture":"dxui-menu-resource-scaling-v1","entries":48,"descriptions":0,"cycle":13,"phase":"rendered","privateBytes":28106752,"workingSetBytes":38899712,"handles":205,"gdi":4,"user":5}
{"fixture":"dxui-menu-resource-scaling-v1","entries":48,"descriptions":0,"cycle":13,"phase":"closed","privateBytes":28053504,"workingSetBytes":38875136,"handles":201,"gdi":4,"user":4}
{"fixture":"dxui-menu-resource-scaling-v1","entries":24,"descriptions":24,"cycle":13,"phase":"before","privateBytes":28053504,"workingSetBytes":38875136,"handles":201,"gdi":4,"user":4}
{"fixture":"dxui-menu-resource-scaling-v1","entries":24,"descriptions":24,"cycle":13,"phase":"rendered","privateBytes":28389376,"workingSetBytes":39931904,"handles":205,"gdi":4,"user":5}
{"fixture":"dxui-menu-resource-scaling-v1","entries":24,"descriptions":24,"cycle":13,"phase":"closed","privateBytes":28250112,"workingSetBytes":39800832,"handles":201,"gdi":4,"user":4}
{"fixture":"dxui-menu-resource-scaling-v1","entries":24,"descriptions":0,"cycle":13,"phase":"before","privateBytes":28250112,"workingSetBytes":39804928,"handles":201,"gdi":4,"user":4}
{"fixture":"dxui-menu-resource-scaling-v1","entries":24,"descriptions":0,"cycle":13,"phase":"rendered","privateBytes":26746880,"workingSetBytes":39772160,"handles":205,"gdi":4,"user":5}
{"fixture":"dxui-menu-resource-scaling-v1","entries":24,"descriptions":0,"cycle":13,"phase":"closed","privateBytes":26652672,"workingSetBytes":39682048,"handles":201,"gdi":4,"user":4}
{"fixture":"dxui-menu-resource-scaling-v1","entries":12,"descriptions":12,"cycle":13,"phase":"before","privateBytes":26652672,"workingSetBytes":39682048,"handles":201,"gdi":4,"user":4}
{"fixture":"dxui-menu-resource-scaling-v1","entries":12,"descriptions":12,"cycle":13,"phase":"rendered","privateBytes":26714112,"workingSetBytes":39587840,"handles":205,"gdi":4,"user":5}
{"fixture":"dxui-menu-resource-scaling-v1","entries":12,"descriptions":12,"cycle":13,"phase":"closed","privateBytes":27160576,"workingSetBytes":40038400,"handles":201,"gdi":4,"user":4}
{"fixture":"dxui-menu-resource-scaling-v1","entries":12,"descriptions":8,"cycle":13,"phase":"before","privateBytes":27226112,"workingSetBytes":40079360,"handles":201,"gdi":4,"user":4}
{"fixture":"dxui-menu-resource-scaling-v1","entries":12,"descriptions":8,"cycle":13,"phase":"rendered","privateBytes":28237824,"workingSetBytes":40255488,"handles":205,"gdi":4,"user":5}
{"fixture":"dxui-menu-resource-scaling-v1","entries":12,"descriptions":8,"cycle":13,"phase":"closed","privateBytes":28045312,"workingSetBytes":40116224,"handles":201,"gdi":4,"user":4}
{"fixture":"dxui-menu-resource-scaling-v1","entries":12,"descriptions":4,"cycle":13,"phase":"before","privateBytes":28045312,"workingSetBytes":40116224,"handles":201,"gdi":4,"user":4}
{"fixture":"dxui-menu-resource-scaling-v1","entries":12,"descriptions":4,"cycle":13,"phase":"rendered","privateBytes":25554944,"workingSetBytes":38785024,"handles":205,"gdi":4,"user":5}
{"fixture":"dxui-menu-resource-scaling-v1","entries":12,"descriptions":4,"cycle":13,"phase":"closed","privateBytes":26017792,"workingSetBytes":39223296,"handles":201,"gdi":4,"user":4}
{"fixture":"dxui-menu-resource-scaling-v1","entries":12,"descriptions":8,"cycle":14,"phase":"before","privateBytes":26083328,"workingSetBytes":39288832,"handles":201,"gdi":4,"user":4}
{"fixture":"dxui-menu-resource-scaling-v1","entries":12,"descriptions":8,"cycle":14,"phase":"rendered","privateBytes":28082176,"workingSetBytes":40103936,"handles":205,"gdi":4,"user":5}
{"fixture":"dxui-menu-resource-scaling-v1","entries":12,"descriptions":8,"cycle":14,"phase":"closed","privateBytes":27123712,"workingSetBytes":39190528,"handles":201,"gdi":4,"user":4}
{"fixture":"dxui-menu-resource-scaling-v1","entries":12,"descriptions":12,"cycle":14,"phase":"before","privateBytes":27123712,"workingSetBytes":39190528,"handles":201,"gdi":4,"user":4}
{"fixture":"dxui-menu-resource-scaling-v1","entries":12,"descriptions":12,"cycle":14,"phase":"rendered","privateBytes":27607040,"workingSetBytes":39206912,"handles":205,"gdi":4,"user":5}
{"fixture":"dxui-menu-resource-scaling-v1","entries":12,"descriptions":12,"cycle":14,"phase":"closed","privateBytes":27021312,"workingSetBytes":38682624,"handles":201,"gdi":4,"user":4}
{"fixture":"dxui-menu-resource-scaling-v1","entries":24,"descriptions":0,"cycle":14,"phase":"before","privateBytes":27021312,"workingSetBytes":38682624,"handles":201,"gdi":4,"user":4}
{"fixture":"dxui-menu-resource-scaling-v1","entries":24,"descriptions":0,"cycle":14,"phase":"rendered","privateBytes":26939392,"workingSetBytes":39116800,"handles":205,"gdi":4,"user":5}
{"fixture":"dxui-menu-resource-scaling-v1","entries":24,"descriptions":0,"cycle":14,"phase":"closed","privateBytes":27152384,"workingSetBytes":39641088,"handles":201,"gdi":4,"user":4}
{"fixture":"dxui-menu-resource-scaling-v1","entries":24,"descriptions":24,"cycle":14,"phase":"before","privateBytes":27152384,"workingSetBytes":39641088,"handles":201,"gdi":4,"user":4}
{"fixture":"dxui-menu-resource-scaling-v1","entries":24,"descriptions":24,"cycle":14,"phase":"rendered","privateBytes":26988544,"workingSetBytes":39215104,"handles":205,"gdi":4,"user":5}
{"fixture":"dxui-menu-resource-scaling-v1","entries":24,"descriptions":24,"cycle":14,"phase":"closed","privateBytes":23810048,"workingSetBytes":36708352,"handles":201,"gdi":4,"user":4}
{"fixture":"dxui-menu-resource-scaling-v1","entries":48,"descriptions":0,"cycle":14,"phase":"before","privateBytes":23744512,"workingSetBytes":36655104,"handles":201,"gdi":4,"user":4}
{"fixture":"dxui-menu-resource-scaling-v1","entries":48,"descriptions":0,"cycle":14,"phase":"rendered","privateBytes":28016640,"workingSetBytes":39702528,"handles":205,"gdi":4,"user":5}
{"fixture":"dxui-menu-resource-scaling-v1","entries":48,"descriptions":0,"cycle":14,"phase":"closed","privateBytes":27004928,"workingSetBytes":38604800,"handles":201,"gdi":4,"user":4}
{"fixture":"dxui-menu-resource-scaling-v1","entries":48,"descriptions":48,"cycle":14,"phase":"before","privateBytes":26873856,"workingSetBytes":38473728,"handles":201,"gdi":4,"user":4}
{"fixture":"dxui-menu-resource-scaling-v1","entries":48,"descriptions":48,"cycle":14,"phase":"rendered","privateBytes":30478336,"workingSetBytes":42102784,"handles":205,"gdi":4,"user":5}
{"fixture":"dxui-menu-resource-scaling-v1","entries":48,"descriptions":48,"cycle":14,"phase":"closed","privateBytes":26714112,"workingSetBytes":39456768,"handles":201,"gdi":4,"user":4}
{"fixture":"dxui-menu-resource-scaling-v1","entries":12,"descriptions":0,"cycle":14,"phase":"before","privateBytes":26714112,"workingSetBytes":39460864,"handles":201,"gdi":4,"user":4}
{"fixture":"dxui-menu-resource-scaling-v1","entries":12,"descriptions":0,"cycle":14,"phase":"rendered","privateBytes":26329088,"workingSetBytes":39280640,"handles":205,"gdi":4,"user":5}
{"fixture":"dxui-menu-resource-scaling-v1","entries":12,"descriptions":0,"cycle":14,"phase":"closed","privateBytes":26124288,"workingSetBytes":39514112,"handles":201,"gdi":4,"user":4}
{"fixture":"dxui-menu-resource-scaling-v1","entries":12,"descriptions":1,"cycle":14,"phase":"before","privateBytes":26124288,"workingSetBytes":39514112,"handles":201,"gdi":4,"user":4}
{"fixture":"dxui-menu-resource-scaling-v1","entries":12,"descriptions":1,"cycle":14,"phase":"rendered","privateBytes":27582464,"workingSetBytes":40247296,"handles":205,"gdi":4,"user":5}
{"fixture":"dxui-menu-resource-scaling-v1","entries":12,"descriptions":1,"cycle":14,"phase":"closed","privateBytes":28110848,"workingSetBytes":40824832,"handles":201,"gdi":4,"user":4}
{"fixture":"dxui-menu-resource-scaling-v1","entries":12,"descriptions":2,"cycle":14,"phase":"before","privateBytes":28110848,"workingSetBytes":40869888,"handles":201,"gdi":4,"user":4}
{"fixture":"dxui-menu-resource-scaling-v1","entries":12,"descriptions":2,"cycle":14,"phase":"rendered","privateBytes":24989696,"workingSetBytes":39051264,"handles":205,"gdi":4,"user":5}
{"fixture":"dxui-menu-resource-scaling-v1","entries":12,"descriptions":2,"cycle":14,"phase":"closed","privateBytes":23728128,"workingSetBytes":37826560,"handles":201,"gdi":4,"user":4}
{"fixture":"dxui-menu-resource-scaling-v1","entries":12,"descriptions":4,"cycle":14,"phase":"before","privateBytes":23597056,"workingSetBytes":37629952,"handles":201,"gdi":4,"user":4}
{"fixture":"dxui-menu-resource-scaling-v1","entries":12,"descriptions":4,"cycle":14,"phase":"rendered","privateBytes":27181056,"workingSetBytes":39239680,"handles":205,"gdi":4,"user":5}
{"fixture":"dxui-menu-resource-scaling-v1","entries":12,"descriptions":4,"cycle":14,"phase":"closed","privateBytes":27299840,"workingSetBytes":39411712,"handles":201,"gdi":4,"user":4}
{"fixture":"dxui-menu-resource-scaling-v1","entries":12,"descriptions":8,"cycle":15,"phase":"before","privateBytes":27365376,"workingSetBytes":39419904,"handles":201,"gdi":4,"user":4}
{"fixture":"dxui-menu-resource-scaling-v1","entries":12,"descriptions":8,"cycle":15,"phase":"rendered","privateBytes":27766784,"workingSetBytes":40062976,"handles":205,"gdi":4,"user":5}
{"fixture":"dxui-menu-resource-scaling-v1","entries":12,"descriptions":8,"cycle":15,"phase":"closed","privateBytes":26882048,"workingSetBytes":39190528,"handles":201,"gdi":4,"user":4}
{"fixture":"dxui-menu-resource-scaling-v1","entries":12,"descriptions":4,"cycle":15,"phase":"before","privateBytes":26882048,"workingSetBytes":39194624,"handles":201,"gdi":4,"user":4}
{"fixture":"dxui-menu-resource-scaling-v1","entries":12,"descriptions":4,"cycle":15,"phase":"rendered","privateBytes":28368896,"workingSetBytes":40247296,"handles":205,"gdi":4,"user":5}
{"fixture":"dxui-menu-resource-scaling-v1","entries":12,"descriptions":4,"cycle":15,"phase":"closed","privateBytes":27774976,"workingSetBytes":39682048,"handles":201,"gdi":4,"user":4}
{"fixture":"dxui-menu-resource-scaling-v1","entries":12,"descriptions":2,"cycle":15,"phase":"before","privateBytes":27774976,"workingSetBytes":39698432,"handles":201,"gdi":4,"user":4}
{"fixture":"dxui-menu-resource-scaling-v1","entries":12,"descriptions":2,"cycle":15,"phase":"rendered","privateBytes":28561408,"workingSetBytes":40443904,"handles":205,"gdi":4,"user":5}
{"fixture":"dxui-menu-resource-scaling-v1","entries":12,"descriptions":2,"cycle":15,"phase":"closed","privateBytes":27992064,"workingSetBytes":39919616,"handles":201,"gdi":4,"user":4}
{"fixture":"dxui-menu-resource-scaling-v1","entries":12,"descriptions":1,"cycle":15,"phase":"before","privateBytes":27729920,"workingSetBytes":39669760,"handles":201,"gdi":4,"user":4}
{"fixture":"dxui-menu-resource-scaling-v1","entries":12,"descriptions":1,"cycle":15,"phase":"rendered","privateBytes":25546752,"workingSetBytes":39161856,"handles":205,"gdi":4,"user":5}
{"fixture":"dxui-menu-resource-scaling-v1","entries":12,"descriptions":1,"cycle":15,"phase":"closed","privateBytes":25415680,"workingSetBytes":39063552,"handles":201,"gdi":4,"user":4}
{"fixture":"dxui-menu-resource-scaling-v1","entries":12,"descriptions":0,"cycle":15,"phase":"before","privateBytes":25481216,"workingSetBytes":39079936,"handles":201,"gdi":4,"user":4}
{"fixture":"dxui-menu-resource-scaling-v1","entries":12,"descriptions":0,"cycle":15,"phase":"rendered","privateBytes":26673152,"workingSetBytes":39424000,"handles":205,"gdi":4,"user":5}
{"fixture":"dxui-menu-resource-scaling-v1","entries":12,"descriptions":0,"cycle":15,"phase":"closed","privateBytes":27000832,"workingSetBytes":39772160,"handles":201,"gdi":4,"user":4}
{"fixture":"dxui-menu-resource-scaling-v1","entries":48,"descriptions":48,"cycle":15,"phase":"before","privateBytes":27000832,"workingSetBytes":39788544,"handles":201,"gdi":4,"user":4}
{"fixture":"dxui-menu-resource-scaling-v1","entries":48,"descriptions":48,"cycle":15,"phase":"rendered","privateBytes":29941760,"workingSetBytes":41054208,"handles":205,"gdi":4,"user":5}
{"fixture":"dxui-menu-resource-scaling-v1","entries":48,"descriptions":48,"cycle":15,"phase":"closed","privateBytes":25464832,"workingSetBytes":37982208,"handles":201,"gdi":4,"user":4}
{"fixture":"dxui-menu-resource-scaling-v1","entries":48,"descriptions":0,"cycle":15,"phase":"before","privateBytes":25464832,"workingSetBytes":37982208,"handles":201,"gdi":4,"user":4}
{"fixture":"dxui-menu-resource-scaling-v1","entries":48,"descriptions":0,"cycle":15,"phase":"rendered","privateBytes":27029504,"workingSetBytes":39440384,"handles":205,"gdi":4,"user":5}
{"fixture":"dxui-menu-resource-scaling-v1","entries":48,"descriptions":0,"cycle":15,"phase":"closed","privateBytes":26832896,"workingSetBytes":39297024,"handles":201,"gdi":4,"user":4}
{"fixture":"dxui-menu-resource-scaling-v1","entries":24,"descriptions":24,"cycle":15,"phase":"before","privateBytes":26832896,"workingSetBytes":39297024,"handles":201,"gdi":4,"user":4}
{"fixture":"dxui-menu-resource-scaling-v1","entries":24,"descriptions":24,"cycle":15,"phase":"rendered","privateBytes":30089216,"workingSetBytes":41611264,"handles":205,"gdi":4,"user":5}
{"fixture":"dxui-menu-resource-scaling-v1","entries":24,"descriptions":24,"cycle":15,"phase":"closed","privateBytes":25825280,"workingSetBytes":39174144,"handles":201,"gdi":4,"user":4}
{"fixture":"dxui-menu-resource-scaling-v1","entries":24,"descriptions":0,"cycle":15,"phase":"before","privateBytes":25825280,"workingSetBytes":39174144,"handles":201,"gdi":4,"user":4}
{"fixture":"dxui-menu-resource-scaling-v1","entries":24,"descriptions":0,"cycle":15,"phase":"rendered","privateBytes":28164096,"workingSetBytes":40542208,"handles":205,"gdi":4,"user":5}
{"fixture":"dxui-menu-resource-scaling-v1","entries":24,"descriptions":0,"cycle":15,"phase":"closed","privateBytes":28086272,"workingSetBytes":40452096,"handles":201,"gdi":4,"user":4}
{"fixture":"dxui-menu-resource-scaling-v1","entries":12,"descriptions":12,"cycle":15,"phase":"before","privateBytes":28086272,"workingSetBytes":40460288,"handles":201,"gdi":4,"user":4}
{"fixture":"dxui-menu-resource-scaling-v1","entries":12,"descriptions":12,"cycle":15,"phase":"rendered","privateBytes":29282304,"workingSetBytes":40906752,"handles":205,"gdi":4,"user":5}
{"fixture":"dxui-menu-resource-scaling-v1","entries":12,"descriptions":12,"cycle":15,"phase":"closed","privateBytes":26144768,"workingSetBytes":38420480,"handles":201,"gdi":4,"user":4}
{"fixture":"dxui-menu-resource-scaling-v1","entries":24,"descriptions":0,"cycle":16,"phase":"before","privateBytes":25948160,"workingSetBytes":38223872,"handles":201,"gdi":4,"user":4}
{"fixture":"dxui-menu-resource-scaling-v1","entries":24,"descriptions":0,"cycle":16,"phase":"rendered","privateBytes":26390528,"workingSetBytes":39407616,"handles":205,"gdi":4,"user":5}
{"fixture":"dxui-menu-resource-scaling-v1","entries":24,"descriptions":0,"cycle":16,"phase":"closed","privateBytes":25546752,"workingSetBytes":38699008,"handles":201,"gdi":4,"user":4}
{"fixture":"dxui-menu-resource-scaling-v1","entries":24,"descriptions":24,"cycle":16,"phase":"before","privateBytes":25612288,"workingSetBytes":38711296,"handles":201,"gdi":4,"user":4}
{"fixture":"dxui-menu-resource-scaling-v1","entries":24,"descriptions":24,"cycle":16,"phase":"rendered","privateBytes":28676096,"workingSetBytes":41259008,"handles":205,"gdi":4,"user":5}
{"fixture":"dxui-menu-resource-scaling-v1","entries":24,"descriptions":24,"cycle":16,"phase":"closed","privateBytes":28495872,"workingSetBytes":41091072,"handles":201,"gdi":4,"user":4}
{"fixture":"dxui-menu-resource-scaling-v1","entries":48,"descriptions":0,"cycle":16,"phase":"before","privateBytes":24879104,"workingSetBytes":38027264,"handles":201,"gdi":4,"user":4}
{"fixture":"dxui-menu-resource-scaling-v1","entries":48,"descriptions":0,"cycle":16,"phase":"rendered","privateBytes":28815360,"workingSetBytes":40865792,"handles":205,"gdi":4,"user":5}
{"fixture":"dxui-menu-resource-scaling-v1","entries":48,"descriptions":0,"cycle":16,"phase":"closed","privateBytes":28815360,"workingSetBytes":40972288,"handles":201,"gdi":4,"user":4}
{"fixture":"dxui-menu-resource-scaling-v1","entries":48,"descriptions":48,"cycle":16,"phase":"before","privateBytes":28815360,"workingSetBytes":40984576,"handles":201,"gdi":4,"user":4}
{"fixture":"dxui-menu-resource-scaling-v1","entries":48,"descriptions":48,"cycle":16,"phase":"rendered","privateBytes":30756864,"workingSetBytes":41639936,"handles":205,"gdi":4,"user":5}
{"fixture":"dxui-menu-resource-scaling-v1","entries":48,"descriptions":48,"cycle":16,"phase":"closed","privateBytes":29020160,"workingSetBytes":40075264,"handles":201,"gdi":4,"user":4}
{"fixture":"dxui-menu-resource-scaling-v1","entries":12,"descriptions":0,"cycle":16,"phase":"before","privateBytes":29020160,"workingSetBytes":40079360,"handles":201,"gdi":4,"user":4}
{"fixture":"dxui-menu-resource-scaling-v1","entries":12,"descriptions":0,"cycle":16,"phase":"rendered","privateBytes":27254784,"workingSetBytes":39870464,"handles":205,"gdi":4,"user":5}
{"fixture":"dxui-menu-resource-scaling-v1","entries":12,"descriptions":0,"cycle":16,"phase":"closed","privateBytes":27652096,"workingSetBytes":40325120,"handles":201,"gdi":4,"user":4}
{"fixture":"dxui-menu-resource-scaling-v1","entries":12,"descriptions":1,"cycle":16,"phase":"before","privateBytes":27652096,"workingSetBytes":40325120,"handles":201,"gdi":4,"user":4}
{"fixture":"dxui-menu-resource-scaling-v1","entries":12,"descriptions":1,"cycle":16,"phase":"rendered","privateBytes":28008448,"workingSetBytes":40042496,"handles":205,"gdi":4,"user":5}
{"fixture":"dxui-menu-resource-scaling-v1","entries":12,"descriptions":1,"cycle":16,"phase":"closed","privateBytes":26152960,"workingSetBytes":38203392,"handles":201,"gdi":4,"user":4}
{"fixture":"dxui-menu-resource-scaling-v1","entries":12,"descriptions":2,"cycle":16,"phase":"before","privateBytes":25956352,"workingSetBytes":38199296,"handles":201,"gdi":4,"user":4}
{"fixture":"dxui-menu-resource-scaling-v1","entries":12,"descriptions":2,"cycle":16,"phase":"rendered","privateBytes":27283456,"workingSetBytes":39899136,"handles":205,"gdi":4,"user":5}
{"fixture":"dxui-menu-resource-scaling-v1","entries":12,"descriptions":2,"cycle":16,"phase":"closed","privateBytes":27549696,"workingSetBytes":40255488,"handles":201,"gdi":4,"user":4}
{"fixture":"dxui-menu-resource-scaling-v1","entries":12,"descriptions":4,"cycle":16,"phase":"before","privateBytes":27615232,"workingSetBytes":40333312,"handles":201,"gdi":4,"user":4}
{"fixture":"dxui-menu-resource-scaling-v1","entries":12,"descriptions":4,"cycle":16,"phase":"rendered","privateBytes":29642752,"workingSetBytes":41410560,"handles":205,"gdi":4,"user":5}
{"fixture":"dxui-menu-resource-scaling-v1","entries":12,"descriptions":4,"cycle":16,"phase":"closed","privateBytes":28815360,"workingSetBytes":40595456,"handles":201,"gdi":4,"user":4}
{"fixture":"dxui-menu-resource-scaling-v1","entries":12,"descriptions":8,"cycle":16,"phase":"before","privateBytes":28815360,"workingSetBytes":40628224,"handles":201,"gdi":4,"user":4}
{"fixture":"dxui-menu-resource-scaling-v1","entries":12,"descriptions":8,"cycle":16,"phase":"rendered","privateBytes":27856896,"workingSetBytes":39596032,"handles":205,"gdi":4,"user":5}
{"fixture":"dxui-menu-resource-scaling-v1","entries":12,"descriptions":8,"cycle":16,"phase":"closed","privateBytes":28745728,"workingSetBytes":39653376,"handles":201,"gdi":4,"user":4}
{"fixture":"dxui-menu-resource-scaling-v1","entries":12,"descriptions":12,"cycle":16,"phase":"before","privateBytes":28745728,"workingSetBytes":39653376,"handles":201,"gdi":4,"user":4}
{"fixture":"dxui-menu-resource-scaling-v1","entries":12,"descriptions":12,"cycle":16,"phase":"rendered","privateBytes":27549696,"workingSetBytes":39370752,"handles":205,"gdi":4,"user":5}
{"fixture":"dxui-menu-resource-scaling-v1","entries":12,"descriptions":12,"cycle":16,"phase":"closed","privateBytes":27729920,"workingSetBytes":39518208,"handles":201,"gdi":4,"user":4}
{"fixture":"dxui-menu-resource-scaling-v1","entries":24,"descriptions":0,"cycle":17,"phase":"before","privateBytes":27795456,"workingSetBytes":39559168,"handles":201,"gdi":4,"user":4}
{"fixture":"dxui-menu-resource-scaling-v1","entries":24,"descriptions":0,"cycle":17,"phase":"rendered","privateBytes":26894336,"workingSetBytes":39022592,"handles":205,"gdi":4,"user":5}
{"fixture":"dxui-menu-resource-scaling-v1","entries":24,"descriptions":0,"cycle":17,"phase":"closed","privateBytes":27119616,"workingSetBytes":39206912,"handles":201,"gdi":4,"user":4}
{"fixture":"dxui-menu-resource-scaling-v1","entries":12,"descriptions":12,"cycle":17,"phase":"before","privateBytes":27185152,"workingSetBytes":39288832,"handles":201,"gdi":4,"user":4}
{"fixture":"dxui-menu-resource-scaling-v1","entries":12,"descriptions":12,"cycle":17,"phase":"rendered","privateBytes":28635136,"workingSetBytes":40656896,"handles":205,"gdi":4,"user":5}
{"fixture":"dxui-menu-resource-scaling-v1","entries":12,"descriptions":12,"cycle":17,"phase":"closed","privateBytes":28635136,"workingSetBytes":40689664,"handles":201,"gdi":4,"user":4}
{"fixture":"dxui-menu-resource-scaling-v1","entries":12,"descriptions":8,"cycle":17,"phase":"before","privateBytes":28635136,"workingSetBytes":40689664,"handles":201,"gdi":4,"user":4}
{"fixture":"dxui-menu-resource-scaling-v1","entries":12,"descriptions":8,"cycle":17,"phase":"rendered","privateBytes":28180480,"workingSetBytes":40235008,"handles":205,"gdi":4,"user":5}
{"fixture":"dxui-menu-resource-scaling-v1","entries":12,"descriptions":8,"cycle":17,"phase":"closed","privateBytes":28626944,"workingSetBytes":40763392,"handles":201,"gdi":4,"user":4}
{"fixture":"dxui-menu-resource-scaling-v1","entries":12,"descriptions":4,"cycle":17,"phase":"before","privateBytes":28626944,"workingSetBytes":40763392,"handles":201,"gdi":4,"user":4}
{"fixture":"dxui-menu-resource-scaling-v1","entries":12,"descriptions":4,"cycle":17,"phase":"rendered","privateBytes":25509888,"workingSetBytes":39231488,"handles":205,"gdi":4,"user":5}
{"fixture":"dxui-menu-resource-scaling-v1","entries":12,"descriptions":4,"cycle":17,"phase":"closed","privateBytes":25313280,"workingSetBytes":39063552,"handles":201,"gdi":4,"user":4}
{"fixture":"dxui-menu-resource-scaling-v1","entries":12,"descriptions":2,"cycle":17,"phase":"before","privateBytes":25313280,"workingSetBytes":39063552,"handles":201,"gdi":4,"user":4}
{"fixture":"dxui-menu-resource-scaling-v1","entries":12,"descriptions":2,"cycle":17,"phase":"rendered","privateBytes":24596480,"workingSetBytes":37580800,"handles":205,"gdi":4,"user":5}
{"fixture":"dxui-menu-resource-scaling-v1","entries":12,"descriptions":2,"cycle":17,"phase":"closed","privateBytes":24469504,"workingSetBytes":38092800,"handles":201,"gdi":4,"user":4}
{"fixture":"dxui-menu-resource-scaling-v1","entries":12,"descriptions":1,"cycle":17,"phase":"before","privateBytes":21782528,"workingSetBytes":36671488,"handles":201,"gdi":4,"user":4}
{"fixture":"dxui-menu-resource-scaling-v1","entries":12,"descriptions":1,"cycle":17,"phase":"rendered","privateBytes":24334336,"workingSetBytes":38191104,"handles":205,"gdi":4,"user":5}
{"fixture":"dxui-menu-resource-scaling-v1","entries":12,"descriptions":1,"cycle":17,"phase":"closed","privateBytes":24530944,"workingSetBytes":38363136,"handles":201,"gdi":4,"user":4}
{"fixture":"dxui-menu-resource-scaling-v1","entries":12,"descriptions":0,"cycle":17,"phase":"before","privateBytes":24530944,"workingSetBytes":38383616,"handles":201,"gdi":4,"user":4}
{"fixture":"dxui-menu-resource-scaling-v1","entries":12,"descriptions":0,"cycle":17,"phase":"rendered","privateBytes":26181632,"workingSetBytes":39096320,"handles":205,"gdi":4,"user":5}
{"fixture":"dxui-menu-resource-scaling-v1","entries":12,"descriptions":0,"cycle":17,"phase":"closed","privateBytes":25231360,"workingSetBytes":38240256,"handles":201,"gdi":4,"user":4}
{"fixture":"dxui-menu-resource-scaling-v1","entries":48,"descriptions":48,"cycle":17,"phase":"before","privateBytes":25296896,"workingSetBytes":38178816,"handles":201,"gdi":4,"user":4}
{"fixture":"dxui-menu-resource-scaling-v1","entries":48,"descriptions":48,"cycle":17,"phase":"rendered","privateBytes":29351936,"workingSetBytes":40304640,"handles":205,"gdi":4,"user":5}
{"fixture":"dxui-menu-resource-scaling-v1","entries":48,"descriptions":48,"cycle":17,"phase":"closed","privateBytes":25473024,"workingSetBytes":36757504,"handles":201,"gdi":4,"user":4}
{"fixture":"dxui-menu-resource-scaling-v1","entries":48,"descriptions":0,"cycle":17,"phase":"before","privateBytes":25473024,"workingSetBytes":36761600,"handles":201,"gdi":4,"user":4}
{"fixture":"dxui-menu-resource-scaling-v1","entries":48,"descriptions":0,"cycle":17,"phase":"rendered","privateBytes":27033600,"workingSetBytes":39596032,"handles":205,"gdi":4,"user":5}
{"fixture":"dxui-menu-resource-scaling-v1","entries":48,"descriptions":0,"cycle":17,"phase":"closed","privateBytes":27172864,"workingSetBytes":40382464,"handles":201,"gdi":4,"user":4}
{"fixture":"dxui-menu-resource-scaling-v1","entries":24,"descriptions":24,"cycle":17,"phase":"before","privateBytes":27238400,"workingSetBytes":40488960,"handles":201,"gdi":4,"user":4}
{"fixture":"dxui-menu-resource-scaling-v1","entries":24,"descriptions":24,"cycle":17,"phase":"rendered","privateBytes":28782592,"workingSetBytes":40775680,"handles":205,"gdi":4,"user":5}
{"fixture":"dxui-menu-resource-scaling-v1","entries":24,"descriptions":24,"cycle":17,"phase":"closed","privateBytes":28426240,"workingSetBytes":40734720,"handles":201,"gdi":4,"user":4}
{"fixture":"dxui-menu-resource-scaling-v1","entries":48,"descriptions":0,"cycle":18,"phase":"before","privateBytes":28491776,"workingSetBytes":40828928,"handles":201,"gdi":4,"user":4}
{"fixture":"dxui-menu-resource-scaling-v1","entries":48,"descriptions":0,"cycle":18,"phase":"rendered","privateBytes":29138944,"workingSetBytes":41136128,"handles":205,"gdi":4,"user":5}
{"fixture":"dxui-menu-resource-scaling-v1","entries":48,"descriptions":0,"cycle":18,"phase":"closed","privateBytes":28569600,"workingSetBytes":40652800,"handles":201,"gdi":4,"user":4}
{"fixture":"dxui-menu-resource-scaling-v1","entries":48,"descriptions":48,"cycle":18,"phase":"before","privateBytes":28372992,"workingSetBytes":40464384,"handles":201,"gdi":4,"user":4}
{"fixture":"dxui-menu-resource-scaling-v1","entries":48,"descriptions":48,"cycle":18,"phase":"rendered","privateBytes":29896704,"workingSetBytes":41291776,"handles":205,"gdi":4,"user":5}
{"fixture":"dxui-menu-resource-scaling-v1","entries":48,"descriptions":48,"cycle":18,"phase":"closed","privateBytes":26644480,"workingSetBytes":38703104,"handles":201,"gdi":4,"user":4}
{"fixture":"dxui-menu-resource-scaling-v1","entries":12,"descriptions":0,"cycle":18,"phase":"before","privateBytes":26644480,"workingSetBytes":38703104,"handles":201,"gdi":4,"user":4}
{"fixture":"dxui-menu-resource-scaling-v1","entries":12,"descriptions":0,"cycle":18,"phase":"rendered","privateBytes":30957568,"workingSetBytes":39763968,"handles":205,"gdi":4,"user":5}
{"fixture":"dxui-menu-resource-scaling-v1","entries":12,"descriptions":0,"cycle":18,"phase":"closed","privateBytes":31035392,"workingSetBytes":39882752,"handles":201,"gdi":4,"user":4}
{"fixture":"dxui-menu-resource-scaling-v1","entries":12,"descriptions":1,"cycle":18,"phase":"before","privateBytes":31035392,"workingSetBytes":39882752,"handles":201,"gdi":4,"user":4}
{"fixture":"dxui-menu-resource-scaling-v1","entries":12,"descriptions":1,"cycle":18,"phase":"rendered","privateBytes":26648576,"workingSetBytes":37462016,"handles":205,"gdi":4,"user":5}
{"fixture":"dxui-menu-resource-scaling-v1","entries":12,"descriptions":1,"cycle":18,"phase":"closed","privateBytes":26648576,"workingSetBytes":37482496,"handles":201,"gdi":4,"user":4}
{"fixture":"dxui-menu-resource-scaling-v1","entries":12,"descriptions":2,"cycle":18,"phase":"before","privateBytes":26648576,"workingSetBytes":37482496,"handles":201,"gdi":4,"user":4}
{"fixture":"dxui-menu-resource-scaling-v1","entries":12,"descriptions":2,"cycle":18,"phase":"rendered","privateBytes":29360128,"workingSetBytes":39649280,"handles":205,"gdi":4,"user":5}
{"fixture":"dxui-menu-resource-scaling-v1","entries":12,"descriptions":2,"cycle":18,"phase":"closed","privateBytes":29814784,"workingSetBytes":40091648,"handles":201,"gdi":4,"user":4}
{"fixture":"dxui-menu-resource-scaling-v1","entries":12,"descriptions":4,"cycle":18,"phase":"before","privateBytes":29880320,"workingSetBytes":40132608,"handles":201,"gdi":4,"user":4}
{"fixture":"dxui-menu-resource-scaling-v1","entries":12,"descriptions":4,"cycle":18,"phase":"rendered","privateBytes":26157056,"workingSetBytes":38555648,"handles":205,"gdi":4,"user":5}
{"fixture":"dxui-menu-resource-scaling-v1","entries":12,"descriptions":4,"cycle":18,"phase":"closed","privateBytes":26243072,"workingSetBytes":38641664,"handles":201,"gdi":4,"user":4}
{"fixture":"dxui-menu-resource-scaling-v1","entries":12,"descriptions":8,"cycle":18,"phase":"before","privateBytes":26251264,"workingSetBytes":38649856,"handles":201,"gdi":4,"user":4}
{"fixture":"dxui-menu-resource-scaling-v1","entries":12,"descriptions":8,"cycle":18,"phase":"rendered","privateBytes":27394048,"workingSetBytes":39555072,"handles":205,"gdi":4,"user":5}
{"fixture":"dxui-menu-resource-scaling-v1","entries":12,"descriptions":8,"cycle":18,"phase":"closed","privateBytes":25722880,"workingSetBytes":37912576,"handles":201,"gdi":4,"user":4}
{"fixture":"dxui-menu-resource-scaling-v1","entries":12,"descriptions":12,"cycle":18,"phase":"before","privateBytes":25722880,"workingSetBytes":37908480,"handles":201,"gdi":4,"user":4}
{"fixture":"dxui-menu-resource-scaling-v1","entries":12,"descriptions":12,"cycle":18,"phase":"rendered","privateBytes":28180480,"workingSetBytes":41287680,"handles":205,"gdi":4,"user":5}
{"fixture":"dxui-menu-resource-scaling-v1","entries":12,"descriptions":12,"cycle":18,"phase":"closed","privateBytes":26050560,"workingSetBytes":39239680,"handles":201,"gdi":4,"user":4}
{"fixture":"dxui-menu-resource-scaling-v1","entries":24,"descriptions":0,"cycle":18,"phase":"before","privateBytes":26050560,"workingSetBytes":39239680,"handles":201,"gdi":4,"user":4}
{"fixture":"dxui-menu-resource-scaling-v1","entries":24,"descriptions":0,"cycle":18,"phase":"rendered","privateBytes":28999680,"workingSetBytes":39895040,"handles":205,"gdi":4,"user":5}
{"fixture":"dxui-menu-resource-scaling-v1","entries":24,"descriptions":0,"cycle":18,"phase":"closed","privateBytes":24612864,"workingSetBytes":37908480,"handles":201,"gdi":4,"user":4}
{"fixture":"dxui-menu-resource-scaling-v1","entries":24,"descriptions":24,"cycle":18,"phase":"before","privateBytes":24612864,"workingSetBytes":37908480,"handles":201,"gdi":4,"user":4}
{"fixture":"dxui-menu-resource-scaling-v1","entries":24,"descriptions":24,"cycle":18,"phase":"rendered","privateBytes":29306880,"workingSetBytes":40587264,"handles":205,"gdi":4,"user":5}
{"fixture":"dxui-menu-resource-scaling-v1","entries":24,"descriptions":24,"cycle":18,"phase":"closed","privateBytes":28180480,"workingSetBytes":39596032,"handles":201,"gdi":4,"user":4}
{"fixture":"dxui-menu-resource-scaling-v1","entries":48,"descriptions":0,"cycle":19,"phase":"before","privateBytes":28180480,"workingSetBytes":39596032,"handles":201,"gdi":4,"user":4}
{"fixture":"dxui-menu-resource-scaling-v1","entries":48,"descriptions":0,"cycle":19,"phase":"rendered","privateBytes":28835840,"workingSetBytes":40837120,"handles":205,"gdi":4,"user":5}
{"fixture":"dxui-menu-resource-scaling-v1","entries":48,"descriptions":0,"cycle":19,"phase":"closed","privateBytes":26992640,"workingSetBytes":39055360,"handles":201,"gdi":4,"user":4}
{"fixture":"dxui-menu-resource-scaling-v1","entries":24,"descriptions":24,"cycle":19,"phase":"before","privateBytes":26861568,"workingSetBytes":38961152,"handles":201,"gdi":4,"user":4}
{"fixture":"dxui-menu-resource-scaling-v1","entries":24,"descriptions":24,"cycle":19,"phase":"rendered","privateBytes":30318592,"workingSetBytes":41775104,"handles":205,"gdi":4,"user":5}
{"fixture":"dxui-menu-resource-scaling-v1","entries":24,"descriptions":24,"cycle":19,"phase":"closed","privateBytes":29290496,"workingSetBytes":40812544,"handles":201,"gdi":4,"user":4}
{"fixture":"dxui-menu-resource-scaling-v1","entries":24,"descriptions":0,"cycle":19,"phase":"before","privateBytes":29159424,"workingSetBytes":40685568,"handles":201,"gdi":4,"user":4}
{"fixture":"dxui-menu-resource-scaling-v1","entries":24,"descriptions":0,"cycle":19,"phase":"rendered","privateBytes":30322688,"workingSetBytes":41840640,"handles":205,"gdi":4,"user":5}
{"fixture":"dxui-menu-resource-scaling-v1","entries":24,"descriptions":0,"cycle":19,"phase":"closed","privateBytes":29147136,"workingSetBytes":40738816,"handles":201,"gdi":4,"user":4}
{"fixture":"dxui-menu-resource-scaling-v1","entries":12,"descriptions":12,"cycle":19,"phase":"before","privateBytes":29147136,"workingSetBytes":40742912,"handles":201,"gdi":4,"user":4}
{"fixture":"dxui-menu-resource-scaling-v1","entries":12,"descriptions":12,"cycle":19,"phase":"rendered","privateBytes":27234304,"workingSetBytes":40267776,"handles":205,"gdi":4,"user":5}
{"fixture":"dxui-menu-resource-scaling-v1","entries":12,"descriptions":12,"cycle":19,"phase":"closed","privateBytes":26193920,"workingSetBytes":39235584,"handles":201,"gdi":4,"user":4}
{"fixture":"dxui-menu-resource-scaling-v1","entries":12,"descriptions":8,"cycle":19,"phase":"before","privateBytes":26198016,"workingSetBytes":39235584,"handles":201,"gdi":4,"user":4}
{"fixture":"dxui-menu-resource-scaling-v1","entries":12,"descriptions":8,"cycle":19,"phase":"rendered","privateBytes":27418624,"workingSetBytes":39608320,"handles":205,"gdi":4,"user":5}
{"fixture":"dxui-menu-resource-scaling-v1","entries":12,"descriptions":8,"cycle":19,"phase":"closed","privateBytes":27414528,"workingSetBytes":39612416,"handles":201,"gdi":4,"user":4}
{"fixture":"dxui-menu-resource-scaling-v1","entries":12,"descriptions":4,"cycle":19,"phase":"before","privateBytes":27414528,"workingSetBytes":39612416,"handles":201,"gdi":4,"user":4}
{"fixture":"dxui-menu-resource-scaling-v1","entries":12,"descriptions":4,"cycle":19,"phase":"rendered","privateBytes":26996736,"workingSetBytes":38883328,"handles":205,"gdi":4,"user":5}
{"fixture":"dxui-menu-resource-scaling-v1","entries":12,"descriptions":4,"cycle":19,"phase":"closed","privateBytes":26865664,"workingSetBytes":38744064,"handles":201,"gdi":4,"user":4}
{"fixture":"dxui-menu-resource-scaling-v1","entries":12,"descriptions":2,"cycle":19,"phase":"before","privateBytes":26865664,"workingSetBytes":38744064,"handles":201,"gdi":4,"user":4}
{"fixture":"dxui-menu-resource-scaling-v1","entries":12,"descriptions":2,"cycle":19,"phase":"rendered","privateBytes":27361280,"workingSetBytes":39370752,"handles":205,"gdi":4,"user":5}
{"fixture":"dxui-menu-resource-scaling-v1","entries":12,"descriptions":2,"cycle":19,"phase":"closed","privateBytes":26181632,"workingSetBytes":38334464,"handles":201,"gdi":4,"user":4}
{"fixture":"dxui-menu-resource-scaling-v1","entries":12,"descriptions":1,"cycle":19,"phase":"before","privateBytes":26181632,"workingSetBytes":38334464,"handles":201,"gdi":4,"user":4}
{"fixture":"dxui-menu-resource-scaling-v1","entries":12,"descriptions":1,"cycle":19,"phase":"rendered","privateBytes":28082176,"workingSetBytes":40239104,"handles":205,"gdi":4,"user":5}
{"fixture":"dxui-menu-resource-scaling-v1","entries":12,"descriptions":1,"cycle":19,"phase":"closed","privateBytes":26406912,"workingSetBytes":38584320,"handles":201,"gdi":4,"user":4}
{"fixture":"dxui-menu-resource-scaling-v1","entries":12,"descriptions":0,"cycle":19,"phase":"before","privateBytes":26406912,"workingSetBytes":38596608,"handles":201,"gdi":4,"user":4}
{"fixture":"dxui-menu-resource-scaling-v1","entries":12,"descriptions":0,"cycle":19,"phase":"rendered","privateBytes":26615808,"workingSetBytes":39731200,"handles":205,"gdi":4,"user":5}
{"fixture":"dxui-menu-resource-scaling-v1","entries":12,"descriptions":0,"cycle":19,"phase":"closed","privateBytes":25833472,"workingSetBytes":38973440,"handles":201,"gdi":4,"user":4}
{"fixture":"dxui-menu-resource-scaling-v1","entries":48,"descriptions":48,"cycle":19,"phase":"before","privateBytes":25894912,"workingSetBytes":39018496,"handles":201,"gdi":4,"user":4}
{"fixture":"dxui-menu-resource-scaling-v1","entries":48,"descriptions":48,"cycle":19,"phase":"rendered","privateBytes":31096832,"workingSetBytes":42201088,"handles":205,"gdi":4,"user":5}
{"fixture":"dxui-menu-resource-scaling-v1","entries":48,"descriptions":48,"cycle":19,"phase":"closed","privateBytes":27774976,"workingSetBytes":39247872,"handles":201,"gdi":4,"user":4}
{"fixture":"dxui-menu-resource-scaling-v1","entries":12,"descriptions":0,"cycle":20,"phase":"before","privateBytes":27774976,"workingSetBytes":39247872,"handles":201,"gdi":4,"user":4}
{"fixture":"dxui-menu-resource-scaling-v1","entries":12,"descriptions":0,"cycle":20,"phase":"rendered","privateBytes":29114368,"workingSetBytes":40370176,"handles":205,"gdi":4,"user":5}
{"fixture":"dxui-menu-resource-scaling-v1","entries":12,"descriptions":0,"cycle":20,"phase":"closed","privateBytes":28721152,"workingSetBytes":40071168,"handles":201,"gdi":4,"user":4}
{"fixture":"dxui-menu-resource-scaling-v1","entries":12,"descriptions":1,"cycle":20,"phase":"before","privateBytes":28721152,"workingSetBytes":40181760,"handles":201,"gdi":4,"user":4}
{"fixture":"dxui-menu-resource-scaling-v1","entries":12,"descriptions":1,"cycle":20,"phase":"rendered","privateBytes":27353088,"workingSetBytes":40329216,"handles":205,"gdi":4,"user":5}
{"fixture":"dxui-menu-resource-scaling-v1","entries":12,"descriptions":1,"cycle":20,"phase":"closed","privateBytes":27811840,"workingSetBytes":40800256,"handles":201,"gdi":4,"user":4}
{"fixture":"dxui-menu-resource-scaling-v1","entries":12,"descriptions":2,"cycle":20,"phase":"before","privateBytes":27811840,"workingSetBytes":40800256,"handles":201,"gdi":4,"user":4}
{"fixture":"dxui-menu-resource-scaling-v1","entries":12,"descriptions":2,"cycle":20,"phase":"rendered","privateBytes":27971584,"workingSetBytes":41025536,"handles":205,"gdi":4,"user":5}
{"fixture":"dxui-menu-resource-scaling-v1","entries":12,"descriptions":2,"cycle":20,"phase":"closed","privateBytes":27889664,"workingSetBytes":40931328,"handles":201,"gdi":4,"user":4}
{"fixture":"dxui-menu-resource-scaling-v1","entries":12,"descriptions":4,"cycle":20,"phase":"before","privateBytes":27889664,"workingSetBytes":40931328,"handles":201,"gdi":4,"user":4}
{"fixture":"dxui-menu-resource-scaling-v1","entries":12,"descriptions":4,"cycle":20,"phase":"rendered","privateBytes":25387008,"workingSetBytes":39235584,"handles":205,"gdi":4,"user":5}
{"fixture":"dxui-menu-resource-scaling-v1","entries":12,"descriptions":4,"cycle":20,"phase":"closed","privateBytes":26107904,"workingSetBytes":39710720,"handles":201,"gdi":4,"user":4}
{"fixture":"dxui-menu-resource-scaling-v1","entries":12,"descriptions":8,"cycle":20,"phase":"before","privateBytes":26107904,"workingSetBytes":39718912,"handles":201,"gdi":4,"user":4}
{"fixture":"dxui-menu-resource-scaling-v1","entries":12,"descriptions":8,"cycle":20,"phase":"rendered","privateBytes":26923008,"workingSetBytes":39669760,"handles":205,"gdi":4,"user":5}
{"fixture":"dxui-menu-resource-scaling-v1","entries":12,"descriptions":8,"cycle":20,"phase":"closed","privateBytes":27246592,"workingSetBytes":40050688,"handles":201,"gdi":4,"user":4}
{"fixture":"dxui-menu-resource-scaling-v1","entries":12,"descriptions":12,"cycle":20,"phase":"before","privateBytes":27312128,"workingSetBytes":40083456,"handles":201,"gdi":4,"user":4}
{"fixture":"dxui-menu-resource-scaling-v1","entries":12,"descriptions":12,"cycle":20,"phase":"rendered","privateBytes":28237824,"workingSetBytes":41684992,"handles":205,"gdi":4,"user":5}
{"fixture":"dxui-menu-resource-scaling-v1","entries":12,"descriptions":12,"cycle":20,"phase":"closed","privateBytes":26279936,"workingSetBytes":39743488,"handles":201,"gdi":4,"user":4}
{"fixture":"dxui-menu-resource-scaling-v1","entries":24,"descriptions":0,"cycle":20,"phase":"before","privateBytes":26148864,"workingSetBytes":39628800,"handles":201,"gdi":4,"user":4}
{"fixture":"dxui-menu-resource-scaling-v1","entries":24,"descriptions":0,"cycle":20,"phase":"rendered","privateBytes":25722880,"workingSetBytes":38531072,"handles":205,"gdi":4,"user":5}
{"fixture":"dxui-menu-resource-scaling-v1","entries":24,"descriptions":0,"cycle":20,"phase":"closed","privateBytes":25321472,"workingSetBytes":38203392,"handles":201,"gdi":4,"user":4}
{"fixture":"dxui-menu-resource-scaling-v1","entries":24,"descriptions":24,"cycle":20,"phase":"before","privateBytes":25321472,"workingSetBytes":38268928,"handles":201,"gdi":4,"user":4}
{"fixture":"dxui-menu-resource-scaling-v1","entries":24,"descriptions":24,"cycle":20,"phase":"rendered","privateBytes":28655616,"workingSetBytes":40226816,"handles":205,"gdi":4,"user":5}
{"fixture":"dxui-menu-resource-scaling-v1","entries":24,"descriptions":24,"cycle":20,"phase":"closed","privateBytes":28475392,"workingSetBytes":40394752,"handles":201,"gdi":4,"user":4}
{"fixture":"dxui-menu-resource-scaling-v1","entries":48,"descriptions":0,"cycle":20,"phase":"before","privateBytes":28475392,"workingSetBytes":40443904,"handles":201,"gdi":4,"user":4}
{"fixture":"dxui-menu-resource-scaling-v1","entries":48,"descriptions":0,"cycle":20,"phase":"rendered","privateBytes":28762112,"workingSetBytes":40497152,"handles":205,"gdi":4,"user":5}
{"fixture":"dxui-menu-resource-scaling-v1","entries":48,"descriptions":0,"cycle":20,"phase":"closed","privateBytes":28774400,"workingSetBytes":40525824,"handles":201,"gdi":4,"user":4}
{"fixture":"dxui-menu-resource-scaling-v1","entries":48,"descriptions":48,"cycle":20,"phase":"before","privateBytes":28577792,"workingSetBytes":40378368,"handles":201,"gdi":4,"user":4}
{"fixture":"dxui-menu-resource-scaling-v1","entries":48,"descriptions":48,"cycle":20,"phase":"rendered","privateBytes":30412800,"workingSetBytes":41668608,"handles":205,"gdi":4,"user":5}
{"fixture":"dxui-menu-resource-scaling-v1","entries":48,"descriptions":48,"cycle":20,"phase":"closed","privateBytes":25907200,"workingSetBytes":37756928,"handles":201,"gdi":4,"user":4}
{"fixture":"dxui-menu-resource-scaling-v1","entries":12,"descriptions":0,"cycle":21,"phase":"before","privateBytes":25808896,"workingSetBytes":37638144,"handles":201,"gdi":4,"user":4}
{"fixture":"dxui-menu-resource-scaling-v1","entries":12,"descriptions":0,"cycle":21,"phase":"rendered","privateBytes":25726976,"workingSetBytes":38277120,"handles":205,"gdi":4,"user":5}
{"fixture":"dxui-menu-resource-scaling-v1","entries":12,"descriptions":0,"cycle":21,"phase":"closed","privateBytes":24567808,"workingSetBytes":37605376,"handles":201,"gdi":4,"user":4}
{"fixture":"dxui-menu-resource-scaling-v1","entries":48,"descriptions":48,"cycle":21,"phase":"before","privateBytes":24567808,"workingSetBytes":37621760,"handles":201,"gdi":4,"user":4}
{"fixture":"dxui-menu-resource-scaling-v1","entries":48,"descriptions":48,"cycle":21,"phase":"rendered","privateBytes":30629888,"workingSetBytes":40677376,"handles":205,"gdi":4,"user":5}
{"fixture":"dxui-menu-resource-scaling-v1","entries":48,"descriptions":48,"cycle":21,"phase":"closed","privateBytes":26669056,"workingSetBytes":38309888,"handles":201,"gdi":4,"user":4}
{"fixture":"dxui-menu-resource-scaling-v1","entries":48,"descriptions":0,"cycle":21,"phase":"before","privateBytes":26734592,"workingSetBytes":38359040,"handles":201,"gdi":4,"user":4}
{"fixture":"dxui-menu-resource-scaling-v1","entries":48,"descriptions":0,"cycle":21,"phase":"rendered","privateBytes":27205632,"workingSetBytes":40124416,"handles":205,"gdi":4,"user":5}
{"fixture":"dxui-menu-resource-scaling-v1","entries":48,"descriptions":0,"cycle":21,"phase":"closed","privateBytes":27488256,"workingSetBytes":40407040,"handles":201,"gdi":4,"user":4}
{"fixture":"dxui-menu-resource-scaling-v1","entries":24,"descriptions":24,"cycle":21,"phase":"before","privateBytes":27553792,"workingSetBytes":40443904,"handles":201,"gdi":4,"user":4}
{"fixture":"dxui-menu-resource-scaling-v1","entries":24,"descriptions":24,"cycle":21,"phase":"rendered","privateBytes":23343104,"workingSetBytes":36732928,"handles":205,"gdi":4,"user":5}
{"fixture":"dxui-menu-resource-scaling-v1","entries":24,"descriptions":24,"cycle":21,"phase":"closed","privateBytes":22769664,"workingSetBytes":35995648,"handles":201,"gdi":4,"user":4}
{"fixture":"dxui-menu-resource-scaling-v1","entries":24,"descriptions":0,"cycle":21,"phase":"before","privateBytes":22769664,"workingSetBytes":36003840,"handles":201,"gdi":4,"user":4}
{"fixture":"dxui-menu-resource-scaling-v1","entries":24,"descriptions":0,"cycle":21,"phase":"rendered","privateBytes":25894912,"workingSetBytes":38428672,"handles":205,"gdi":4,"user":5}
{"fixture":"dxui-menu-resource-scaling-v1","entries":24,"descriptions":0,"cycle":21,"phase":"closed","privateBytes":25690112,"workingSetBytes":38252544,"handles":201,"gdi":4,"user":4}
{"fixture":"dxui-menu-resource-scaling-v1","entries":12,"descriptions":12,"cycle":21,"phase":"before","privateBytes":25690112,"workingSetBytes":38252544,"handles":201,"gdi":4,"user":4}
{"fixture":"dxui-menu-resource-scaling-v1","entries":12,"descriptions":12,"cycle":21,"phase":"rendered","privateBytes":29650944,"workingSetBytes":40902656,"handles":205,"gdi":4,"user":5}
{"fixture":"dxui-menu-resource-scaling-v1","entries":12,"descriptions":12,"cycle":21,"phase":"closed","privateBytes":29454336,"workingSetBytes":40759296,"handles":201,"gdi":4,"user":4}
{"fixture":"dxui-menu-resource-scaling-v1","entries":12,"descriptions":8,"cycle":21,"phase":"before","privateBytes":29454336,"workingSetBytes":40767488,"handles":201,"gdi":4,"user":4}
{"fixture":"dxui-menu-resource-scaling-v1","entries":12,"descriptions":8,"cycle":21,"phase":"rendered","privateBytes":27799552,"workingSetBytes":39137280,"handles":205,"gdi":4,"user":5}
{"fixture":"dxui-menu-resource-scaling-v1","entries":12,"descriptions":8,"cycle":21,"phase":"closed","privateBytes":27938816,"workingSetBytes":39260160,"handles":201,"gdi":4,"user":4}
{"fixture":"dxui-menu-resource-scaling-v1","entries":12,"descriptions":4,"cycle":21,"phase":"before","privateBytes":27938816,"workingSetBytes":39260160,"handles":201,"gdi":4,"user":4}
{"fixture":"dxui-menu-resource-scaling-v1","entries":12,"descriptions":4,"cycle":21,"phase":"rendered","privateBytes":26320896,"workingSetBytes":40009728,"handles":205,"gdi":4,"user":5}
{"fixture":"dxui-menu-resource-scaling-v1","entries":12,"descriptions":4,"cycle":21,"phase":"closed","privateBytes":23072768,"workingSetBytes":37437440,"handles":201,"gdi":4,"user":4}
{"fixture":"dxui-menu-resource-scaling-v1","entries":12,"descriptions":2,"cycle":21,"phase":"before","privateBytes":23072768,"workingSetBytes":37437440,"handles":201,"gdi":4,"user":4}
{"fixture":"dxui-menu-resource-scaling-v1","entries":12,"descriptions":2,"cycle":21,"phase":"rendered","privateBytes":27705344,"workingSetBytes":39698432,"handles":205,"gdi":4,"user":5}
{"fixture":"dxui-menu-resource-scaling-v1","entries":12,"descriptions":2,"cycle":21,"phase":"closed","privateBytes":27643904,"workingSetBytes":39903232,"handles":201,"gdi":4,"user":4}
{"fixture":"dxui-menu-resource-scaling-v1","entries":12,"descriptions":1,"cycle":21,"phase":"before","privateBytes":27709440,"workingSetBytes":40054784,"handles":201,"gdi":4,"user":4}
{"fixture":"dxui-menu-resource-scaling-v1","entries":12,"descriptions":1,"cycle":21,"phase":"rendered","privateBytes":27947008,"workingSetBytes":39972864,"handles":205,"gdi":4,"user":5}
{"fixture":"dxui-menu-resource-scaling-v1","entries":12,"descriptions":1,"cycle":21,"phase":"closed","privateBytes":28622848,"workingSetBytes":40665088,"handles":201,"gdi":4,"user":4}
{"fixture":"dxui-menu-resource-scaling-v1","entries":12,"descriptions":2,"cycle":22,"phase":"before","privateBytes":28622848,"workingSetBytes":40677376,"handles":201,"gdi":4,"user":4}
{"fixture":"dxui-menu-resource-scaling-v1","entries":12,"descriptions":2,"cycle":22,"phase":"rendered","privateBytes":28393472,"workingSetBytes":39608320,"handles":205,"gdi":4,"user":5}
{"fixture":"dxui-menu-resource-scaling-v1","entries":12,"descriptions":2,"cycle":22,"phase":"closed","privateBytes":28626944,"workingSetBytes":39854080,"handles":201,"gdi":4,"user":4}
{"fixture":"dxui-menu-resource-scaling-v1","entries":12,"descriptions":4,"cycle":22,"phase":"before","privateBytes":28626944,"workingSetBytes":39866368,"handles":201,"gdi":4,"user":4}
{"fixture":"dxui-menu-resource-scaling-v1","entries":12,"descriptions":4,"cycle":22,"phase":"rendered","privateBytes":27901952,"workingSetBytes":39149568,"handles":205,"gdi":4,"user":5}
{"fixture":"dxui-menu-resource-scaling-v1","entries":12,"descriptions":4,"cycle":22,"phase":"closed","privateBytes":27987968,"workingSetBytes":39194624,"handles":201,"gdi":4,"user":4}
{"fixture":"dxui-menu-resource-scaling-v1","entries":12,"descriptions":8,"cycle":22,"phase":"before","privateBytes":27987968,"workingSetBytes":39239680,"handles":201,"gdi":4,"user":4}
{"fixture":"dxui-menu-resource-scaling-v1","entries":12,"descriptions":8,"cycle":22,"phase":"rendered","privateBytes":29114368,"workingSetBytes":40333312,"handles":205,"gdi":4,"user":5}
{"fixture":"dxui-menu-resource-scaling-v1","entries":12,"descriptions":8,"cycle":22,"phase":"closed","privateBytes":29020160,"workingSetBytes":40243200,"handles":201,"gdi":4,"user":4}
{"fixture":"dxui-menu-resource-scaling-v1","entries":12,"descriptions":12,"cycle":22,"phase":"before","privateBytes":29020160,"workingSetBytes":40243200,"handles":201,"gdi":4,"user":4}
{"fixture":"dxui-menu-resource-scaling-v1","entries":12,"descriptions":12,"cycle":22,"phase":"rendered","privateBytes":27578368,"workingSetBytes":40898560,"handles":205,"gdi":4,"user":5}
{"fixture":"dxui-menu-resource-scaling-v1","entries":12,"descriptions":12,"cycle":22,"phase":"closed","privateBytes":27992064,"workingSetBytes":41283584,"handles":201,"gdi":4,"user":4}
{"fixture":"dxui-menu-resource-scaling-v1","entries":24,"descriptions":0,"cycle":22,"phase":"before","privateBytes":27992064,"workingSetBytes":41287680,"handles":201,"gdi":4,"user":4}
{"fixture":"dxui-menu-resource-scaling-v1","entries":24,"descriptions":0,"cycle":22,"phase":"rendered","privateBytes":28348416,"workingSetBytes":40833024,"handles":205,"gdi":4,"user":5}
{"fixture":"dxui-menu-resource-scaling-v1","entries":24,"descriptions":0,"cycle":22,"phase":"closed","privateBytes":28246016,"workingSetBytes":40742912,"handles":201,"gdi":4,"user":4}
{"fixture":"dxui-menu-resource-scaling-v1","entries":24,"descriptions":24,"cycle":22,"phase":"before","privateBytes":28246016,"workingSetBytes":40742912,"handles":201,"gdi":4,"user":4}
{"fixture":"dxui-menu-resource-scaling-v1","entries":24,"descriptions":24,"cycle":22,"phase":"rendered","privateBytes":30199808,"workingSetBytes":41353216,"handles":205,"gdi":4,"user":5}
{"fixture":"dxui-menu-resource-scaling-v1","entries":24,"descriptions":24,"cycle":22,"phase":"closed","privateBytes":26816512,"workingSetBytes":38535168,"handles":201,"gdi":4,"user":4}
{"fixture":"dxui-menu-resource-scaling-v1","entries":48,"descriptions":0,"cycle":22,"phase":"before","privateBytes":26882048,"workingSetBytes":38584320,"handles":201,"gdi":4,"user":4}
{"fixture":"dxui-menu-resource-scaling-v1","entries":48,"descriptions":0,"cycle":22,"phase":"rendered","privateBytes":26779648,"workingSetBytes":38588416,"handles":205,"gdi":4,"user":5}
{"fixture":"dxui-menu-resource-scaling-v1","entries":48,"descriptions":0,"cycle":22,"phase":"closed","privateBytes":26619904,"workingSetBytes":38432768,"handles":201,"gdi":4,"user":4}
{"fixture":"dxui-menu-resource-scaling-v1","entries":48,"descriptions":48,"cycle":22,"phase":"before","privateBytes":26619904,"workingSetBytes":38432768,"handles":201,"gdi":4,"user":4}
{"fixture":"dxui-menu-resource-scaling-v1","entries":48,"descriptions":48,"cycle":22,"phase":"rendered","privateBytes":31129600,"workingSetBytes":40923136,"handles":205,"gdi":4,"user":5}
{"fixture":"dxui-menu-resource-scaling-v1","entries":48,"descriptions":48,"cycle":22,"phase":"closed","privateBytes":31494144,"workingSetBytes":41287680,"handles":201,"gdi":4,"user":4}
{"fixture":"dxui-menu-resource-scaling-v1","entries":12,"descriptions":0,"cycle":22,"phase":"before","privateBytes":31559680,"workingSetBytes":41332736,"handles":201,"gdi":4,"user":4}
{"fixture":"dxui-menu-resource-scaling-v1","entries":12,"descriptions":0,"cycle":22,"phase":"rendered","privateBytes":25976832,"workingSetBytes":38637568,"handles":205,"gdi":4,"user":5}
{"fixture":"dxui-menu-resource-scaling-v1","entries":12,"descriptions":0,"cycle":22,"phase":"closed","privateBytes":25817088,"workingSetBytes":38477824,"handles":201,"gdi":4,"user":4}
{"fixture":"dxui-menu-resource-scaling-v1","entries":12,"descriptions":1,"cycle":22,"phase":"before","privateBytes":25817088,"workingSetBytes":38477824,"handles":201,"gdi":4,"user":4}
{"fixture":"dxui-menu-resource-scaling-v1","entries":12,"descriptions":1,"cycle":22,"phase":"rendered","privateBytes":28790784,"workingSetBytes":39415808,"handles":205,"gdi":4,"user":5}
{"fixture":"dxui-menu-resource-scaling-v1","entries":12,"descriptions":1,"cycle":22,"phase":"closed","privateBytes":29278208,"workingSetBytes":39923712,"handles":201,"gdi":4,"user":4}
{"fixture":"dxui-menu-resource-scaling-v1","entries":12,"descriptions":2,"cycle":23,"phase":"before","privateBytes":29278208,"workingSetBytes":39936000,"handles":201,"gdi":4,"user":4}
{"fixture":"dxui-menu-resource-scaling-v1","entries":12,"descriptions":2,"cycle":23,"phase":"rendered","privateBytes":28962816,"workingSetBytes":40353792,"handles":205,"gdi":4,"user":5}
{"fixture":"dxui-menu-resource-scaling-v1","entries":12,"descriptions":2,"cycle":23,"phase":"closed","privateBytes":28766208,"workingSetBytes":40177664,"handles":201,"gdi":4,"user":4}
{"fixture":"dxui-menu-resource-scaling-v1","entries":12,"descriptions":1,"cycle":23,"phase":"before","privateBytes":28635136,"workingSetBytes":40132608,"handles":201,"gdi":4,"user":4}
{"fixture":"dxui-menu-resource-scaling-v1","entries":12,"descriptions":1,"cycle":23,"phase":"rendered","privateBytes":27975680,"workingSetBytes":39395328,"handles":205,"gdi":4,"user":5}
{"fixture":"dxui-menu-resource-scaling-v1","entries":12,"descriptions":1,"cycle":23,"phase":"closed","privateBytes":27987968,"workingSetBytes":40144896,"handles":201,"gdi":4,"user":4}
{"fixture":"dxui-menu-resource-scaling-v1","entries":12,"descriptions":0,"cycle":23,"phase":"before","privateBytes":27987968,"workingSetBytes":40144896,"handles":201,"gdi":4,"user":4}
{"fixture":"dxui-menu-resource-scaling-v1","entries":12,"descriptions":0,"cycle":23,"phase":"rendered","privateBytes":27635712,"workingSetBytes":39800832,"handles":205,"gdi":4,"user":5}
{"fixture":"dxui-menu-resource-scaling-v1","entries":12,"descriptions":0,"cycle":23,"phase":"closed","privateBytes":28168192,"workingSetBytes":40394752,"handles":201,"gdi":4,"user":4}
{"fixture":"dxui-menu-resource-scaling-v1","entries":48,"descriptions":48,"cycle":23,"phase":"before","privateBytes":28168192,"workingSetBytes":40402944,"handles":201,"gdi":4,"user":4}
{"fixture":"dxui-menu-resource-scaling-v1","entries":48,"descriptions":48,"cycle":23,"phase":"rendered","privateBytes":31272960,"workingSetBytes":42033152,"handles":205,"gdi":4,"user":5}
{"fixture":"dxui-menu-resource-scaling-v1","entries":48,"descriptions":48,"cycle":23,"phase":"closed","privateBytes":31666176,"workingSetBytes":42467328,"handles":201,"gdi":4,"user":4}
{"fixture":"dxui-menu-resource-scaling-v1","entries":48,"descriptions":0,"cycle":23,"phase":"before","privateBytes":31666176,"workingSetBytes":42467328,"handles":201,"gdi":4,"user":4}
{"fixture":"dxui-menu-resource-scaling-v1","entries":48,"descriptions":0,"cycle":23,"phase":"rendered","privateBytes":30593024,"workingSetBytes":41668608,"handles":205,"gdi":4,"user":5}
{"fixture":"dxui-menu-resource-scaling-v1","entries":48,"descriptions":0,"cycle":23,"phase":"closed","privateBytes":30740480,"workingSetBytes":41836544,"handles":201,"gdi":4,"user":4}
{"fixture":"dxui-menu-resource-scaling-v1","entries":24,"descriptions":24,"cycle":23,"phase":"before","privateBytes":30740480,"workingSetBytes":41848832,"handles":201,"gdi":4,"user":4}
{"fixture":"dxui-menu-resource-scaling-v1","entries":24,"descriptions":24,"cycle":23,"phase":"rendered","privateBytes":30625792,"workingSetBytes":42213376,"handles":205,"gdi":4,"user":5}
{"fixture":"dxui-menu-resource-scaling-v1","entries":24,"descriptions":24,"cycle":23,"phase":"closed","privateBytes":30838784,"workingSetBytes":42463232,"handles":201,"gdi":4,"user":4}
{"fixture":"dxui-menu-resource-scaling-v1","entries":24,"descriptions":0,"cycle":23,"phase":"before","privateBytes":30904320,"workingSetBytes":42516480,"handles":201,"gdi":4,"user":4}
{"fixture":"dxui-menu-resource-scaling-v1","entries":24,"descriptions":0,"cycle":23,"phase":"rendered","privateBytes":30597120,"workingSetBytes":42221568,"handles":205,"gdi":4,"user":5}
{"fixture":"dxui-menu-resource-scaling-v1","entries":24,"descriptions":0,"cycle":23,"phase":"closed","privateBytes":30412800,"workingSetBytes":42070016,"handles":201,"gdi":4,"user":4}
{"fixture":"dxui-menu-resource-scaling-v1","entries":12,"descriptions":12,"cycle":23,"phase":"before","privateBytes":30347264,"workingSetBytes":42004480,"handles":201,"gdi":4,"user":4}
{"fixture":"dxui-menu-resource-scaling-v1","entries":12,"descriptions":12,"cycle":23,"phase":"rendered","privateBytes":25681920,"workingSetBytes":37810176,"handles":205,"gdi":4,"user":5}
{"fixture":"dxui-menu-resource-scaling-v1","entries":12,"descriptions":12,"cycle":23,"phase":"closed","privateBytes":26812416,"workingSetBytes":38936576,"handles":201,"gdi":4,"user":4}
{"fixture":"dxui-menu-resource-scaling-v1","entries":12,"descriptions":8,"cycle":23,"phase":"before","privateBytes":26943488,"workingSetBytes":39063552,"handles":201,"gdi":4,"user":4}
{"fixture":"dxui-menu-resource-scaling-v1","entries":12,"descriptions":8,"cycle":23,"phase":"rendered","privateBytes":28000256,"workingSetBytes":39587840,"handles":205,"gdi":4,"user":5}
{"fixture":"dxui-menu-resource-scaling-v1","entries":12,"descriptions":8,"cycle":23,"phase":"closed","privateBytes":28266496,"workingSetBytes":39878656,"handles":201,"gdi":4,"user":4}
{"fixture":"dxui-menu-resource-scaling-v1","entries":12,"descriptions":4,"cycle":23,"phase":"before","privateBytes":28332032,"workingSetBytes":39944192,"handles":201,"gdi":4,"user":4}
{"fixture":"dxui-menu-resource-scaling-v1","entries":12,"descriptions":4,"cycle":23,"phase":"rendered","privateBytes":28102656,"workingSetBytes":39649280,"handles":205,"gdi":4,"user":5}
{"fixture":"dxui-menu-resource-scaling-v1","entries":12,"descriptions":4,"cycle":23,"phase":"closed","privateBytes":28368896,"workingSetBytes":39976960,"handles":201,"gdi":4,"user":4}
{"fixture":"dxui-menu-resource-scaling-v1","entries":12,"descriptions":8,"cycle":24,"phase":"before","privateBytes":28434432,"workingSetBytes":40067072,"handles":201,"gdi":4,"user":4}
{"fixture":"dxui-menu-resource-scaling-v1","entries":12,"descriptions":8,"cycle":24,"phase":"rendered","privateBytes":28848128,"workingSetBytes":40435712,"handles":205,"gdi":4,"user":5}
{"fixture":"dxui-menu-resource-scaling-v1","entries":12,"descriptions":8,"cycle":24,"phase":"closed","privateBytes":28659712,"workingSetBytes":40300544,"handles":201,"gdi":4,"user":4}
{"fixture":"dxui-menu-resource-scaling-v1","entries":12,"descriptions":12,"cycle":24,"phase":"before","privateBytes":28659712,"workingSetBytes":40304640,"handles":201,"gdi":4,"user":4}
{"fixture":"dxui-menu-resource-scaling-v1","entries":12,"descriptions":12,"cycle":24,"phase":"rendered","privateBytes":29749248,"workingSetBytes":41422848,"handles":205,"gdi":4,"user":5}
{"fixture":"dxui-menu-resource-scaling-v1","entries":12,"descriptions":12,"cycle":24,"phase":"closed","privateBytes":29007872,"workingSetBytes":40800256,"handles":201,"gdi":4,"user":4}
{"fixture":"dxui-menu-resource-scaling-v1","entries":24,"descriptions":0,"cycle":24,"phase":"before","privateBytes":29007872,"workingSetBytes":40800256,"handles":201,"gdi":4,"user":4}
{"fixture":"dxui-menu-resource-scaling-v1","entries":24,"descriptions":0,"cycle":24,"phase":"rendered","privateBytes":26796032,"workingSetBytes":40189952,"handles":205,"gdi":4,"user":5}
{"fixture":"dxui-menu-resource-scaling-v1","entries":24,"descriptions":0,"cycle":24,"phase":"closed","privateBytes":24662016,"workingSetBytes":38211584,"handles":201,"gdi":4,"user":4}
{"fixture":"dxui-menu-resource-scaling-v1","entries":24,"descriptions":24,"cycle":24,"phase":"before","privateBytes":24662016,"workingSetBytes":38211584,"handles":201,"gdi":4,"user":4}
{"fixture":"dxui-menu-resource-scaling-v1","entries":24,"descriptions":24,"cycle":24,"phase":"rendered","privateBytes":29589504,"workingSetBytes":41005056,"handles":205,"gdi":4,"user":5}
{"fixture":"dxui-menu-resource-scaling-v1","entries":24,"descriptions":24,"cycle":24,"phase":"closed","privateBytes":25673728,"workingSetBytes":38301696,"handles":201,"gdi":4,"user":4}
{"fixture":"dxui-menu-resource-scaling-v1","entries":48,"descriptions":0,"cycle":24,"phase":"before","privateBytes":25673728,"workingSetBytes":38301696,"handles":201,"gdi":4,"user":4}
{"fixture":"dxui-menu-resource-scaling-v1","entries":48,"descriptions":0,"cycle":24,"phase":"rendered","privateBytes":27504640,"workingSetBytes":40402944,"handles":205,"gdi":4,"user":5}
{"fixture":"dxui-menu-resource-scaling-v1","entries":48,"descriptions":0,"cycle":24,"phase":"closed","privateBytes":26804224,"workingSetBytes":39751680,"handles":201,"gdi":4,"user":4}
{"fixture":"dxui-menu-resource-scaling-v1","entries":48,"descriptions":48,"cycle":24,"phase":"before","privateBytes":26738688,"workingSetBytes":39780352,"handles":201,"gdi":4,"user":4}
{"fixture":"dxui-menu-resource-scaling-v1","entries":48,"descriptions":48,"cycle":24,"phase":"rendered","privateBytes":28127232,"workingSetBytes":40214528,"handles":205,"gdi":4,"user":5}
{"fixture":"dxui-menu-resource-scaling-v1","entries":48,"descriptions":48,"cycle":24,"phase":"closed","privateBytes":28139520,"workingSetBytes":40275968,"handles":201,"gdi":4,"user":4}
{"fixture":"dxui-menu-resource-scaling-v1","entries":12,"descriptions":0,"cycle":24,"phase":"before","privateBytes":28205056,"workingSetBytes":40316928,"handles":201,"gdi":4,"user":4}
{"fixture":"dxui-menu-resource-scaling-v1","entries":12,"descriptions":0,"cycle":24,"phase":"rendered","privateBytes":30900224,"workingSetBytes":42622976,"handles":205,"gdi":4,"user":5}
{"fixture":"dxui-menu-resource-scaling-v1","entries":12,"descriptions":0,"cycle":24,"phase":"closed","privateBytes":29478912,"workingSetBytes":41250816,"handles":201,"gdi":4,"user":4}
{"fixture":"dxui-menu-resource-scaling-v1","entries":12,"descriptions":1,"cycle":24,"phase":"before","privateBytes":29478912,"workingSetBytes":41259008,"handles":201,"gdi":4,"user":4}
{"fixture":"dxui-menu-resource-scaling-v1","entries":12,"descriptions":1,"cycle":24,"phase":"rendered","privateBytes":29044736,"workingSetBytes":40759296,"handles":205,"gdi":4,"user":5}
{"fixture":"dxui-menu-resource-scaling-v1","entries":12,"descriptions":1,"cycle":24,"phase":"closed","privateBytes":28999680,"workingSetBytes":40763392,"handles":201,"gdi":4,"user":4}
{"fixture":"dxui-menu-resource-scaling-v1","entries":12,"descriptions":2,"cycle":24,"phase":"before","privateBytes":28999680,"workingSetBytes":40763392,"handles":201,"gdi":4,"user":4}
{"fixture":"dxui-menu-resource-scaling-v1","entries":12,"descriptions":2,"cycle":24,"phase":"rendered","privateBytes":30953472,"workingSetBytes":42622976,"handles":205,"gdi":4,"user":5}
{"fixture":"dxui-menu-resource-scaling-v1","entries":12,"descriptions":2,"cycle":24,"phase":"closed","privateBytes":31096832,"workingSetBytes":42848256,"handles":201,"gdi":4,"user":4}
{"fixture":"dxui-menu-resource-scaling-v1","entries":12,"descriptions":4,"cycle":24,"phase":"before","privateBytes":31096832,"workingSetBytes":42868736,"handles":201,"gdi":4,"user":4}
{"fixture":"dxui-menu-resource-scaling-v1","entries":12,"descriptions":4,"cycle":24,"phase":"rendered","privateBytes":30576640,"workingSetBytes":42287104,"handles":205,"gdi":4,"user":5}
{"fixture":"dxui-menu-resource-scaling-v1","entries":12,"descriptions":4,"cycle":24,"phase":"closed","privateBytes":31236096,"workingSetBytes":42983424,"handles":201,"gdi":4,"user":4}
{"fixture":"dxui-menu-resource-scaling-v1","entries":12,"descriptions":8,"cycle":25,"phase":"before","privateBytes":31301632,"workingSetBytes":43003904,"handles":201,"gdi":4,"user":4}
{"fixture":"dxui-menu-resource-scaling-v1","entries":12,"descriptions":8,"cycle":25,"phase":"rendered","privateBytes":30179328,"workingSetBytes":41926656,"handles":205,"gdi":4,"user":5}
{"fixture":"dxui-menu-resource-scaling-v1","entries":12,"descriptions":8,"cycle":25,"phase":"closed","privateBytes":30838784,"workingSetBytes":42647552,"handles":201,"gdi":4,"user":4}
{"fixture":"dxui-menu-resource-scaling-v1","entries":12,"descriptions":4,"cycle":25,"phase":"before","privateBytes":30904320,"workingSetBytes":42672128,"handles":201,"gdi":4,"user":4}
{"fixture":"dxui-menu-resource-scaling-v1","entries":12,"descriptions":4,"cycle":25,"phase":"rendered","privateBytes":30658560,"workingSetBytes":42483712,"handles":205,"gdi":4,"user":5}
{"fixture":"dxui-menu-resource-scaling-v1","entries":12,"descriptions":4,"cycle":25,"phase":"closed","privateBytes":27680768,"workingSetBytes":39735296,"handles":201,"gdi":4,"user":4}
{"fixture":"dxui-menu-resource-scaling-v1","entries":12,"descriptions":2,"cycle":25,"phase":"before","privateBytes":27746304,"workingSetBytes":39800832,"handles":201,"gdi":4,"user":4}
{"fixture":"dxui-menu-resource-scaling-v1","entries":12,"descriptions":2,"cycle":25,"phase":"rendered","privateBytes":30638080,"workingSetBytes":42426368,"handles":205,"gdi":4,"user":5}
{"fixture":"dxui-menu-resource-scaling-v1","entries":12,"descriptions":2,"cycle":25,"phase":"closed","privateBytes":30466048,"workingSetBytes":42311680,"handles":201,"gdi":4,"user":4}
{"fixture":"dxui-menu-resource-scaling-v1","entries":12,"descriptions":1,"cycle":25,"phase":"before","privateBytes":30466048,"workingSetBytes":42315776,"handles":201,"gdi":4,"user":4}
{"fixture":"dxui-menu-resource-scaling-v1","entries":12,"descriptions":1,"cycle":25,"phase":"rendered","privateBytes":27328512,"workingSetBytes":39591936,"handles":205,"gdi":4,"user":5}
{"fixture":"dxui-menu-resource-scaling-v1","entries":12,"descriptions":1,"cycle":25,"phase":"closed","privateBytes":27992064,"workingSetBytes":40890368,"handles":201,"gdi":4,"user":4}
{"fixture":"dxui-menu-resource-scaling-v1","entries":12,"descriptions":0,"cycle":25,"phase":"before","privateBytes":28123136,"workingSetBytes":41000960,"handles":201,"gdi":4,"user":4}
{"fixture":"dxui-menu-resource-scaling-v1","entries":12,"descriptions":0,"cycle":25,"phase":"rendered","privateBytes":26853376,"workingSetBytes":39288832,"handles":205,"gdi":4,"user":5}
{"fixture":"dxui-menu-resource-scaling-v1","entries":12,"descriptions":0,"cycle":25,"phase":"closed","privateBytes":27373568,"workingSetBytes":39813120,"handles":201,"gdi":4,"user":4}
{"fixture":"dxui-menu-resource-scaling-v1","entries":48,"descriptions":48,"cycle":25,"phase":"before","privateBytes":27439104,"workingSetBytes":39858176,"handles":201,"gdi":4,"user":4}
{"fixture":"dxui-menu-resource-scaling-v1","entries":48,"descriptions":48,"cycle":25,"phase":"rendered","privateBytes":30621696,"workingSetBytes":41914368,"handles":205,"gdi":4,"user":5}
{"fixture":"dxui-menu-resource-scaling-v1","entries":48,"descriptions":48,"cycle":25,"phase":"closed","privateBytes":27013120,"workingSetBytes":39100416,"handles":201,"gdi":4,"user":4}
{"fixture":"dxui-menu-resource-scaling-v1","entries":48,"descriptions":0,"cycle":25,"phase":"before","privateBytes":27013120,"workingSetBytes":39108608,"handles":201,"gdi":4,"user":4}
{"fixture":"dxui-menu-resource-scaling-v1","entries":48,"descriptions":0,"cycle":25,"phase":"rendered","privateBytes":28172288,"workingSetBytes":40755200,"handles":205,"gdi":4,"user":5}
{"fixture":"dxui-menu-resource-scaling-v1","entries":48,"descriptions":0,"cycle":25,"phase":"closed","privateBytes":28045312,"workingSetBytes":40685568,"handles":201,"gdi":4,"user":4}
{"fixture":"dxui-menu-resource-scaling-v1","entries":24,"descriptions":24,"cycle":25,"phase":"before","privateBytes":28045312,"workingSetBytes":40685568,"handles":201,"gdi":4,"user":4}
{"fixture":"dxui-menu-resource-scaling-v1","entries":24,"descriptions":24,"cycle":25,"phase":"rendered","privateBytes":28495872,"workingSetBytes":39395328,"handles":205,"gdi":4,"user":5}
{"fixture":"dxui-menu-resource-scaling-v1","entries":24,"descriptions":24,"cycle":25,"phase":"closed","privateBytes":28303360,"workingSetBytes":39272448,"handles":201,"gdi":4,"user":4}
{"fixture":"dxui-menu-resource-scaling-v1","entries":24,"descriptions":0,"cycle":25,"phase":"before","privateBytes":28303360,"workingSetBytes":39276544,"handles":201,"gdi":4,"user":4}
{"fixture":"dxui-menu-resource-scaling-v1","entries":24,"descriptions":0,"cycle":25,"phase":"rendered","privateBytes":26091520,"workingSetBytes":39890944,"handles":205,"gdi":4,"user":5}
{"fixture":"dxui-menu-resource-scaling-v1","entries":24,"descriptions":0,"cycle":25,"phase":"closed","privateBytes":25751552,"workingSetBytes":39563264,"handles":201,"gdi":4,"user":4}
{"fixture":"dxui-menu-resource-scaling-v1","entries":12,"descriptions":12,"cycle":25,"phase":"before","privateBytes":25751552,"workingSetBytes":39497728,"handles":201,"gdi":4,"user":4}
{"fixture":"dxui-menu-resource-scaling-v1","entries":12,"descriptions":12,"cycle":25,"phase":"rendered","privateBytes":25788416,"workingSetBytes":38731776,"handles":205,"gdi":4,"user":5}
{"fixture":"dxui-menu-resource-scaling-v1","entries":12,"descriptions":12,"cycle":25,"phase":"closed","privateBytes":25600000,"workingSetBytes":38576128,"handles":201,"gdi":4,"user":4}
{"fixture":"dxui-menu-resource-scaling-v1","entries":24,"descriptions":0,"cycle":26,"phase":"before","privateBytes":25600000,"workingSetBytes":38576128,"handles":201,"gdi":4,"user":4}
{"fixture":"dxui-menu-resource-scaling-v1","entries":24,"descriptions":0,"cycle":26,"phase":"rendered","privateBytes":29769728,"workingSetBytes":41979904,"handles":205,"gdi":4,"user":5}
{"fixture":"dxui-menu-resource-scaling-v1","entries":24,"descriptions":0,"cycle":26,"phase":"closed","privateBytes":29708288,"workingSetBytes":41926656,"handles":201,"gdi":4,"user":4}
{"fixture":"dxui-menu-resource-scaling-v1","entries":24,"descriptions":24,"cycle":26,"phase":"before","privateBytes":29708288,"workingSetBytes":41930752,"handles":201,"gdi":4,"user":4}
{"fixture":"dxui-menu-resource-scaling-v1","entries":24,"descriptions":24,"cycle":26,"phase":"rendered","privateBytes":29118464,"workingSetBytes":41553920,"handles":205,"gdi":4,"user":5}
{"fixture":"dxui-menu-resource-scaling-v1","entries":24,"descriptions":24,"cycle":26,"phase":"closed","privateBytes":29581312,"workingSetBytes":42000384,"handles":201,"gdi":4,"user":4}
{"fixture":"dxui-menu-resource-scaling-v1","entries":48,"descriptions":0,"cycle":26,"phase":"before","privateBytes":29581312,"workingSetBytes":42020864,"handles":201,"gdi":4,"user":4}
{"fixture":"dxui-menu-resource-scaling-v1","entries":48,"descriptions":0,"cycle":26,"phase":"rendered","privateBytes":27734016,"workingSetBytes":40038400,"handles":205,"gdi":4,"user":5}
{"fixture":"dxui-menu-resource-scaling-v1","entries":48,"descriptions":0,"cycle":26,"phase":"closed","privateBytes":27631616,"workingSetBytes":39919616,"handles":201,"gdi":4,"user":4}
{"fixture":"dxui-menu-resource-scaling-v1","entries":48,"descriptions":48,"cycle":26,"phase":"before","privateBytes":27631616,"workingSetBytes":39923712,"handles":201,"gdi":4,"user":4}
{"fixture":"dxui-menu-resource-scaling-v1","entries":48,"descriptions":48,"cycle":26,"phase":"rendered","privateBytes":30552064,"workingSetBytes":41447424,"handles":205,"gdi":4,"user":5}
{"fixture":"dxui-menu-resource-scaling-v1","entries":48,"descriptions":48,"cycle":26,"phase":"closed","privateBytes":26042368,"workingSetBytes":38809600,"handles":201,"gdi":4,"user":4}
{"fixture":"dxui-menu-resource-scaling-v1","entries":12,"descriptions":0,"cycle":26,"phase":"before","privateBytes":26042368,"workingSetBytes":38809600,"handles":201,"gdi":4,"user":4}
{"fixture":"dxui-menu-resource-scaling-v1","entries":12,"descriptions":0,"cycle":26,"phase":"rendered","privateBytes":27500544,"workingSetBytes":40464384,"handles":205,"gdi":4,"user":5}
{"fixture":"dxui-menu-resource-scaling-v1","entries":12,"descriptions":0,"cycle":26,"phase":"closed","privateBytes":27566080,"workingSetBytes":40562688,"handles":201,"gdi":4,"user":4}
{"fixture":"dxui-menu-resource-scaling-v1","entries":12,"descriptions":1,"cycle":26,"phase":"before","privateBytes":27631616,"workingSetBytes":40583168,"handles":201,"gdi":4,"user":4}
{"fixture":"dxui-menu-resource-scaling-v1","entries":12,"descriptions":1,"cycle":26,"phase":"rendered","privateBytes":25120768,"workingSetBytes":39088128,"handles":205,"gdi":4,"user":5}
{"fixture":"dxui-menu-resource-scaling-v1","entries":12,"descriptions":1,"cycle":26,"phase":"closed","privateBytes":22962176,"workingSetBytes":37097472,"handles":201,"gdi":4,"user":4}
{"fixture":"dxui-menu-resource-scaling-v1","entries":12,"descriptions":2,"cycle":26,"phase":"before","privateBytes":22966272,"workingSetBytes":37113856,"handles":201,"gdi":4,"user":4}
{"fixture":"dxui-menu-resource-scaling-v1","entries":12,"descriptions":2,"cycle":26,"phase":"rendered","privateBytes":26865664,"workingSetBytes":40034304,"handles":205,"gdi":4,"user":5}
{"fixture":"dxui-menu-resource-scaling-v1","entries":12,"descriptions":2,"cycle":26,"phase":"closed","privateBytes":25767936,"workingSetBytes":38977536,"handles":201,"gdi":4,"user":4}
{"fixture":"dxui-menu-resource-scaling-v1","entries":12,"descriptions":4,"cycle":26,"phase":"before","privateBytes":25767936,"workingSetBytes":38977536,"handles":201,"gdi":4,"user":4}
{"fixture":"dxui-menu-resource-scaling-v1","entries":12,"descriptions":4,"cycle":26,"phase":"rendered","privateBytes":25686016,"workingSetBytes":38764544,"handles":205,"gdi":4,"user":5}
{"fixture":"dxui-menu-resource-scaling-v1","entries":12,"descriptions":4,"cycle":26,"phase":"closed","privateBytes":25493504,"workingSetBytes":38612992,"handles":201,"gdi":4,"user":4}
{"fixture":"dxui-menu-resource-scaling-v1","entries":12,"descriptions":8,"cycle":26,"phase":"before","privateBytes":25493504,"workingSetBytes":38612992,"handles":201,"gdi":4,"user":4}
{"fixture":"dxui-menu-resource-scaling-v1","entries":12,"descriptions":8,"cycle":26,"phase":"rendered","privateBytes":27586560,"workingSetBytes":40562688,"handles":205,"gdi":4,"user":5}
{"fixture":"dxui-menu-resource-scaling-v1","entries":12,"descriptions":8,"cycle":26,"phase":"closed","privateBytes":27377664,"workingSetBytes":40394752,"handles":201,"gdi":4,"user":4}
{"fixture":"dxui-menu-resource-scaling-v1","entries":12,"descriptions":12,"cycle":26,"phase":"before","privateBytes":27377664,"workingSetBytes":40394752,"handles":201,"gdi":4,"user":4}
{"fixture":"dxui-menu-resource-scaling-v1","entries":12,"descriptions":12,"cycle":26,"phase":"rendered","privateBytes":28684288,"workingSetBytes":41095168,"handles":205,"gdi":4,"user":5}
{"fixture":"dxui-menu-resource-scaling-v1","entries":12,"descriptions":12,"cycle":26,"phase":"closed","privateBytes":27467776,"workingSetBytes":39931904,"handles":201,"gdi":4,"user":4}
{"fixture":"dxui-menu-resource-scaling-v1","entries":24,"descriptions":0,"cycle":27,"phase":"before","privateBytes":27140096,"workingSetBytes":39665664,"handles":201,"gdi":4,"user":4}
{"fixture":"dxui-menu-resource-scaling-v1","entries":24,"descriptions":0,"cycle":27,"phase":"rendered","privateBytes":27578368,"workingSetBytes":40058880,"handles":205,"gdi":4,"user":5}
{"fixture":"dxui-menu-resource-scaling-v1","entries":24,"descriptions":0,"cycle":27,"phase":"closed","privateBytes":27488256,"workingSetBytes":39944192,"handles":201,"gdi":4,"user":4}
{"fixture":"dxui-menu-resource-scaling-v1","entries":12,"descriptions":12,"cycle":27,"phase":"before","privateBytes":27488256,"workingSetBytes":39964672,"handles":201,"gdi":4,"user":4}
{"fixture":"dxui-menu-resource-scaling-v1","entries":12,"descriptions":12,"cycle":27,"phase":"rendered","privateBytes":28434432,"workingSetBytes":40595456,"handles":205,"gdi":4,"user":5}
{"fixture":"dxui-menu-resource-scaling-v1","entries":12,"descriptions":12,"cycle":27,"phase":"closed","privateBytes":27521024,"workingSetBytes":39723008,"handles":201,"gdi":4,"user":4}
{"fixture":"dxui-menu-resource-scaling-v1","entries":12,"descriptions":8,"cycle":27,"phase":"before","privateBytes":27455488,"workingSetBytes":39661568,"handles":201,"gdi":4,"user":4}
{"fixture":"dxui-menu-resource-scaling-v1","entries":12,"descriptions":8,"cycle":27,"phase":"rendered","privateBytes":27959296,"workingSetBytes":40005632,"handles":205,"gdi":4,"user":5}
{"fixture":"dxui-menu-resource-scaling-v1","entries":12,"descriptions":8,"cycle":27,"phase":"closed","privateBytes":27934720,"workingSetBytes":39976960,"handles":201,"gdi":4,"user":4}
{"fixture":"dxui-menu-resource-scaling-v1","entries":12,"descriptions":4,"cycle":27,"phase":"before","privateBytes":27869184,"workingSetBytes":39968768,"handles":201,"gdi":4,"user":4}
{"fixture":"dxui-menu-resource-scaling-v1","entries":12,"descriptions":4,"cycle":27,"phase":"rendered","privateBytes":26193920,"workingSetBytes":39575552,"handles":205,"gdi":4,"user":5}
{"fixture":"dxui-menu-resource-scaling-v1","entries":12,"descriptions":4,"cycle":27,"phase":"closed","privateBytes":23699456,"workingSetBytes":37175296,"handles":201,"gdi":4,"user":4}
{"fixture":"dxui-menu-resource-scaling-v1","entries":12,"descriptions":2,"cycle":27,"phase":"before","privateBytes":23699456,"workingSetBytes":37199872,"handles":201,"gdi":4,"user":4}
{"fixture":"dxui-menu-resource-scaling-v1","entries":12,"descriptions":2,"cycle":27,"phase":"rendered","privateBytes":27697152,"workingSetBytes":40284160,"handles":205,"gdi":4,"user":5}
{"fixture":"dxui-menu-resource-scaling-v1","entries":12,"descriptions":2,"cycle":27,"phase":"closed","privateBytes":27979776,"workingSetBytes":40833024,"handles":201,"gdi":4,"user":4}
{"fixture":"dxui-menu-resource-scaling-v1","entries":12,"descriptions":1,"cycle":27,"phase":"before","privateBytes":28045312,"workingSetBytes":40894464,"handles":201,"gdi":4,"user":4}
{"fixture":"dxui-menu-resource-scaling-v1","entries":12,"descriptions":1,"cycle":27,"phase":"rendered","privateBytes":27811840,"workingSetBytes":40062976,"handles":205,"gdi":4,"user":5}
{"fixture":"dxui-menu-resource-scaling-v1","entries":12,"descriptions":1,"cycle":27,"phase":"closed","privateBytes":26247168,"workingSetBytes":38547456,"handles":201,"gdi":4,"user":4}
{"fixture":"dxui-menu-resource-scaling-v1","entries":12,"descriptions":0,"cycle":27,"phase":"before","privateBytes":26054656,"workingSetBytes":38420480,"handles":201,"gdi":4,"user":4}
{"fixture":"dxui-menu-resource-scaling-v1","entries":12,"descriptions":0,"cycle":27,"phase":"rendered","privateBytes":26374144,"workingSetBytes":39964672,"handles":205,"gdi":4,"user":5}
{"fixture":"dxui-menu-resource-scaling-v1","entries":12,"descriptions":0,"cycle":27,"phase":"closed","privateBytes":26185728,"workingSetBytes":39809024,"handles":201,"gdi":4,"user":4}
{"fixture":"dxui-menu-resource-scaling-v1","entries":48,"descriptions":48,"cycle":27,"phase":"before","privateBytes":26185728,"workingSetBytes":39813120,"handles":201,"gdi":4,"user":4}
{"fixture":"dxui-menu-resource-scaling-v1","entries":48,"descriptions":48,"cycle":27,"phase":"rendered","privateBytes":30826496,"workingSetBytes":42061824,"handles":205,"gdi":4,"user":5}
{"fixture":"dxui-menu-resource-scaling-v1","entries":48,"descriptions":48,"cycle":27,"phase":"closed","privateBytes":30695424,"workingSetBytes":42291200,"handles":201,"gdi":4,"user":4}
{"fixture":"dxui-menu-resource-scaling-v1","entries":48,"descriptions":0,"cycle":27,"phase":"before","privateBytes":30695424,"workingSetBytes":42369024,"handles":201,"gdi":4,"user":4}
{"fixture":"dxui-menu-resource-scaling-v1","entries":48,"descriptions":0,"cycle":27,"phase":"rendered","privateBytes":29630464,"workingSetBytes":41046016,"handles":205,"gdi":4,"user":5}
{"fixture":"dxui-menu-resource-scaling-v1","entries":48,"descriptions":0,"cycle":27,"phase":"closed","privateBytes":29523968,"workingSetBytes":40914944,"handles":201,"gdi":4,"user":4}
{"fixture":"dxui-menu-resource-scaling-v1","entries":24,"descriptions":24,"cycle":27,"phase":"before","privateBytes":29523968,"workingSetBytes":40914944,"handles":201,"gdi":4,"user":4}
{"fixture":"dxui-menu-resource-scaling-v1","entries":24,"descriptions":24,"cycle":27,"phase":"rendered","privateBytes":30638080,"workingSetBytes":42577920,"handles":205,"gdi":4,"user":5}
{"fixture":"dxui-menu-resource-scaling-v1","entries":24,"descriptions":24,"cycle":27,"phase":"closed","privateBytes":29679616,"workingSetBytes":41590784,"handles":201,"gdi":4,"user":4}
{"fixture":"dxui-menu-resource-scaling-v1","entries":48,"descriptions":0,"cycle":28,"phase":"before","privateBytes":29679616,"workingSetBytes":41627648,"handles":201,"gdi":4,"user":4}
{"fixture":"dxui-menu-resource-scaling-v1","entries":48,"descriptions":0,"cycle":28,"phase":"rendered","privateBytes":29872128,"workingSetBytes":41828352,"handles":205,"gdi":4,"user":5}
{"fixture":"dxui-menu-resource-scaling-v1","entries":48,"descriptions":0,"cycle":28,"phase":"closed","privateBytes":29552640,"workingSetBytes":41660416,"handles":201,"gdi":4,"user":4}
{"fixture":"dxui-menu-resource-scaling-v1","entries":48,"descriptions":48,"cycle":28,"phase":"before","privateBytes":29585408,"workingSetBytes":41730048,"handles":201,"gdi":4,"user":4}
{"fixture":"dxui-menu-resource-scaling-v1","entries":48,"descriptions":48,"cycle":28,"phase":"rendered","privateBytes":31465472,"workingSetBytes":43433984,"handles":205,"gdi":4,"user":5}
{"fixture":"dxui-menu-resource-scaling-v1","entries":48,"descriptions":48,"cycle":28,"phase":"closed","privateBytes":25829376,"workingSetBytes":39084032,"handles":201,"gdi":4,"user":4}
{"fixture":"dxui-menu-resource-scaling-v1","entries":12,"descriptions":0,"cycle":28,"phase":"before","privateBytes":25829376,"workingSetBytes":39096320,"handles":201,"gdi":4,"user":4}
{"fixture":"dxui-menu-resource-scaling-v1","entries":12,"descriptions":0,"cycle":28,"phase":"rendered","privateBytes":29966336,"workingSetBytes":41693184,"handles":205,"gdi":4,"user":5}
{"fixture":"dxui-menu-resource-scaling-v1","entries":12,"descriptions":0,"cycle":28,"phase":"closed","privateBytes":30814208,"workingSetBytes":42561536,"handles":201,"gdi":4,"user":4}
{"fixture":"dxui-menu-resource-scaling-v1","entries":12,"descriptions":1,"cycle":28,"phase":"before","privateBytes":30814208,"workingSetBytes":42561536,"handles":201,"gdi":4,"user":4}
{"fixture":"dxui-menu-resource-scaling-v1","entries":12,"descriptions":1,"cycle":28,"phase":"rendered","privateBytes":30523392,"workingSetBytes":41410560,"handles":205,"gdi":4,"user":5}
{"fixture":"dxui-menu-resource-scaling-v1","entries":12,"descriptions":1,"cycle":28,"phase":"closed","privateBytes":30367744,"workingSetBytes":41291776,"handles":201,"gdi":4,"user":4}
{"fixture":"dxui-menu-resource-scaling-v1","entries":12,"descriptions":2,"cycle":28,"phase":"before","privateBytes":30367744,"workingSetBytes":41291776,"handles":201,"gdi":4,"user":4}
{"fixture":"dxui-menu-resource-scaling-v1","entries":12,"descriptions":2,"cycle":28,"phase":"rendered","privateBytes":29483008,"workingSetBytes":40599552,"handles":205,"gdi":4,"user":5}
{"fixture":"dxui-menu-resource-scaling-v1","entries":12,"descriptions":2,"cycle":28,"phase":"closed","privateBytes":29753344,"workingSetBytes":40894464,"handles":201,"gdi":4,"user":4}
{"fixture":"dxui-menu-resource-scaling-v1","entries":12,"descriptions":4,"cycle":28,"phase":"before","privateBytes":29753344,"workingSetBytes":40894464,"handles":201,"gdi":4,"user":4}
{"fixture":"dxui-menu-resource-scaling-v1","entries":12,"descriptions":4,"cycle":28,"phase":"rendered","privateBytes":27742208,"workingSetBytes":40886272,"handles":205,"gdi":4,"user":5}
{"fixture":"dxui-menu-resource-scaling-v1","entries":12,"descriptions":4,"cycle":28,"phase":"closed","privateBytes":26775552,"workingSetBytes":40038400,"handles":201,"gdi":4,"user":4}
{"fixture":"dxui-menu-resource-scaling-v1","entries":12,"descriptions":8,"cycle":28,"phase":"before","privateBytes":26775552,"workingSetBytes":40042496,"handles":201,"gdi":4,"user":4}
{"fixture":"dxui-menu-resource-scaling-v1","entries":12,"descriptions":8,"cycle":28,"phase":"rendered","privateBytes":28426240,"workingSetBytes":41099264,"handles":205,"gdi":4,"user":5}
{"fixture":"dxui-menu-resource-scaling-v1","entries":12,"descriptions":8,"cycle":28,"phase":"closed","privateBytes":28381184,"workingSetBytes":41201664,"handles":201,"gdi":4,"user":4}
{"fixture":"dxui-menu-resource-scaling-v1","entries":12,"descriptions":12,"cycle":28,"phase":"before","privateBytes":28381184,"workingSetBytes":41205760,"handles":201,"gdi":4,"user":4}
{"fixture":"dxui-menu-resource-scaling-v1","entries":12,"descriptions":12,"cycle":28,"phase":"rendered","privateBytes":29405184,"workingSetBytes":41619456,"handles":205,"gdi":4,"user":5}
{"fixture":"dxui-menu-resource-scaling-v1","entries":12,"descriptions":12,"cycle":28,"phase":"closed","privateBytes":28565504,"workingSetBytes":40865792,"handles":201,"gdi":4,"user":4}
{"fixture":"dxui-menu-resource-scaling-v1","entries":24,"descriptions":0,"cycle":28,"phase":"before","privateBytes":28565504,"workingSetBytes":40865792,"handles":201,"gdi":4,"user":4}
{"fixture":"dxui-menu-resource-scaling-v1","entries":24,"descriptions":0,"cycle":28,"phase":"rendered","privateBytes":27516928,"workingSetBytes":39874560,"handles":205,"gdi":4,"user":5}
{"fixture":"dxui-menu-resource-scaling-v1","entries":24,"descriptions":0,"cycle":28,"phase":"closed","privateBytes":26361856,"workingSetBytes":39317504,"handles":201,"gdi":4,"user":4}
{"fixture":"dxui-menu-resource-scaling-v1","entries":24,"descriptions":24,"cycle":28,"phase":"before","privateBytes":26427392,"workingSetBytes":39419904,"handles":201,"gdi":4,"user":4}
{"fixture":"dxui-menu-resource-scaling-v1","entries":24,"descriptions":24,"cycle":28,"phase":"rendered","privateBytes":28061696,"workingSetBytes":39821312,"handles":205,"gdi":4,"user":5}
{"fixture":"dxui-menu-resource-scaling-v1","entries":24,"descriptions":24,"cycle":28,"phase":"closed","privateBytes":28176384,"workingSetBytes":39903232,"handles":201,"gdi":4,"user":4}
{"fixture":"dxui-menu-resource-scaling-v1","entries":48,"descriptions":0,"cycle":29,"phase":"before","privateBytes":28176384,"workingSetBytes":39903232,"handles":201,"gdi":4,"user":4}
{"fixture":"dxui-menu-resource-scaling-v1","entries":48,"descriptions":0,"cycle":29,"phase":"rendered","privateBytes":28102656,"workingSetBytes":40194048,"handles":205,"gdi":4,"user":5}
{"fixture":"dxui-menu-resource-scaling-v1","entries":48,"descriptions":0,"cycle":29,"phase":"closed","privateBytes":26136576,"workingSetBytes":38322176,"handles":201,"gdi":4,"user":4}
{"fixture":"dxui-menu-resource-scaling-v1","entries":24,"descriptions":24,"cycle":29,"phase":"before","privateBytes":26144768,"workingSetBytes":38330368,"handles":201,"gdi":4,"user":4}
{"fixture":"dxui-menu-resource-scaling-v1","entries":24,"descriptions":24,"cycle":29,"phase":"rendered","privateBytes":28164096,"workingSetBytes":40644608,"handles":205,"gdi":4,"user":5}
{"fixture":"dxui-menu-resource-scaling-v1","entries":24,"descriptions":24,"cycle":29,"phase":"closed","privateBytes":26025984,"workingSetBytes":38961152,"handles":201,"gdi":4,"user":4}
{"fixture":"dxui-menu-resource-scaling-v1","entries":24,"descriptions":0,"cycle":29,"phase":"before","privateBytes":26025984,"workingSetBytes":38961152,"handles":201,"gdi":4,"user":4}
{"fixture":"dxui-menu-resource-scaling-v1","entries":24,"descriptions":0,"cycle":29,"phase":"rendered","privateBytes":28196864,"workingSetBytes":40706048,"handles":205,"gdi":4,"user":5}
{"fixture":"dxui-menu-resource-scaling-v1","entries":24,"descriptions":0,"cycle":29,"phase":"closed","privateBytes":28520448,"workingSetBytes":41009152,"handles":201,"gdi":4,"user":4}
{"fixture":"dxui-menu-resource-scaling-v1","entries":12,"descriptions":12,"cycle":29,"phase":"before","privateBytes":28585984,"workingSetBytes":41054208,"handles":201,"gdi":4,"user":4}
{"fixture":"dxui-menu-resource-scaling-v1","entries":12,"descriptions":12,"cycle":29,"phase":"rendered","privateBytes":29868032,"workingSetBytes":42479616,"handles":205,"gdi":4,"user":5}
{"fixture":"dxui-menu-resource-scaling-v1","entries":12,"descriptions":12,"cycle":29,"phase":"closed","privateBytes":29077504,"workingSetBytes":41709568,"handles":201,"gdi":4,"user":4}
{"fixture":"dxui-menu-resource-scaling-v1","entries":12,"descriptions":8,"cycle":29,"phase":"before","privateBytes":29077504,"workingSetBytes":41816064,"handles":201,"gdi":4,"user":4}
{"fixture":"dxui-menu-resource-scaling-v1","entries":12,"descriptions":8,"cycle":29,"phase":"rendered","privateBytes":27275264,"workingSetBytes":39907328,"handles":205,"gdi":4,"user":5}
{"fixture":"dxui-menu-resource-scaling-v1","entries":12,"descriptions":8,"cycle":29,"phase":"closed","privateBytes":26890240,"workingSetBytes":40189952,"handles":201,"gdi":4,"user":4}
{"fixture":"dxui-menu-resource-scaling-v1","entries":12,"descriptions":4,"cycle":29,"phase":"before","privateBytes":26890240,"workingSetBytes":40189952,"handles":201,"gdi":4,"user":4}
{"fixture":"dxui-menu-resource-scaling-v1","entries":12,"descriptions":4,"cycle":29,"phase":"rendered","privateBytes":28971008,"workingSetBytes":41005056,"handles":205,"gdi":4,"user":5}
{"fixture":"dxui-menu-resource-scaling-v1","entries":12,"descriptions":4,"cycle":29,"phase":"closed","privateBytes":28762112,"workingSetBytes":40718336,"handles":201,"gdi":4,"user":4}
{"fixture":"dxui-menu-resource-scaling-v1","entries":12,"descriptions":2,"cycle":29,"phase":"before","privateBytes":28434432,"workingSetBytes":40419328,"handles":201,"gdi":4,"user":4}
{"fixture":"dxui-menu-resource-scaling-v1","entries":12,"descriptions":2,"cycle":29,"phase":"rendered","privateBytes":29036544,"workingSetBytes":41123840,"handles":205,"gdi":4,"user":5}
{"fixture":"dxui-menu-resource-scaling-v1","entries":12,"descriptions":2,"cycle":29,"phase":"closed","privateBytes":28069888,"workingSetBytes":40194048,"handles":201,"gdi":4,"user":4}
{"fixture":"dxui-menu-resource-scaling-v1","entries":12,"descriptions":1,"cycle":29,"phase":"before","privateBytes":28135424,"workingSetBytes":40206336,"handles":201,"gdi":4,"user":4}
{"fixture":"dxui-menu-resource-scaling-v1","entries":12,"descriptions":1,"cycle":29,"phase":"rendered","privateBytes":29036544,"workingSetBytes":41127936,"handles":205,"gdi":4,"user":5}
{"fixture":"dxui-menu-resource-scaling-v1","entries":12,"descriptions":1,"cycle":29,"phase":"closed","privateBytes":27869184,"workingSetBytes":40026112,"handles":201,"gdi":4,"user":4}
{"fixture":"dxui-menu-resource-scaling-v1","entries":12,"descriptions":0,"cycle":29,"phase":"before","privateBytes":27869184,"workingSetBytes":40026112,"handles":201,"gdi":4,"user":4}
{"fixture":"dxui-menu-resource-scaling-v1","entries":12,"descriptions":0,"cycle":29,"phase":"rendered","privateBytes":29036544,"workingSetBytes":41177088,"handles":205,"gdi":4,"user":5}
{"fixture":"dxui-menu-resource-scaling-v1","entries":12,"descriptions":0,"cycle":29,"phase":"closed","privateBytes":28659712,"workingSetBytes":40808448,"handles":201,"gdi":4,"user":4}
{"fixture":"dxui-menu-resource-scaling-v1","entries":48,"descriptions":48,"cycle":29,"phase":"before","privateBytes":28397568,"workingSetBytes":40546304,"handles":201,"gdi":4,"user":4}
{"fixture":"dxui-menu-resource-scaling-v1","entries":48,"descriptions":48,"cycle":29,"phase":"rendered","privateBytes":29921280,"workingSetBytes":42119168,"handles":205,"gdi":4,"user":5}
{"fixture":"dxui-menu-resource-scaling-v1","entries":48,"descriptions":48,"cycle":29,"phase":"closed","privateBytes":27340800,"workingSetBytes":39759872,"handles":201,"gdi":4,"user":4}
{"fixture":"dxui-menu-resource-scaling-v1","entries":12,"descriptions":0,"cycle":30,"phase":"before","privateBytes":27344896,"workingSetBytes":39813120,"handles":201,"gdi":4,"user":4}
{"fixture":"dxui-menu-resource-scaling-v1","entries":12,"descriptions":0,"cycle":30,"phase":"rendered","privateBytes":27074560,"workingSetBytes":39145472,"handles":205,"gdi":4,"user":5}
{"fixture":"dxui-menu-resource-scaling-v1","entries":12,"descriptions":0,"cycle":30,"phase":"closed","privateBytes":27168768,"workingSetBytes":39186432,"handles":201,"gdi":4,"user":4}
{"fixture":"dxui-menu-resource-scaling-v1","entries":12,"descriptions":1,"cycle":30,"phase":"before","privateBytes":27168768,"workingSetBytes":39186432,"handles":201,"gdi":4,"user":4}
{"fixture":"dxui-menu-resource-scaling-v1","entries":12,"descriptions":1,"cycle":30,"phase":"rendered","privateBytes":30027776,"workingSetBytes":40587264,"handles":205,"gdi":4,"user":5}
{"fixture":"dxui-menu-resource-scaling-v1","entries":12,"descriptions":1,"cycle":30,"phase":"closed","privateBytes":29052928,"workingSetBytes":39694336,"handles":201,"gdi":4,"user":4}
{"fixture":"dxui-menu-resource-scaling-v1","entries":12,"descriptions":2,"cycle":30,"phase":"before","privateBytes":29052928,"workingSetBytes":39706624,"handles":201,"gdi":4,"user":4}
{"fixture":"dxui-menu-resource-scaling-v1","entries":12,"descriptions":2,"cycle":30,"phase":"rendered","privateBytes":30515200,"workingSetBytes":41447424,"handles":205,"gdi":4,"user":5}
{"fixture":"dxui-menu-resource-scaling-v1","entries":12,"descriptions":2,"cycle":30,"phase":"closed","privateBytes":29999104,"workingSetBytes":40980480,"handles":201,"gdi":4,"user":4}
{"fixture":"dxui-menu-resource-scaling-v1","entries":12,"descriptions":4,"cycle":30,"phase":"before","privateBytes":29999104,"workingSetBytes":41021440,"handles":201,"gdi":4,"user":4}
{"fixture":"dxui-menu-resource-scaling-v1","entries":12,"descriptions":4,"cycle":30,"phase":"rendered","privateBytes":27123712,"workingSetBytes":39358464,"handles":205,"gdi":4,"user":5}
{"fixture":"dxui-menu-resource-scaling-v1","entries":12,"descriptions":4,"cycle":30,"phase":"closed","privateBytes":27975680,"workingSetBytes":40214528,"handles":201,"gdi":4,"user":4}
{"fixture":"dxui-menu-resource-scaling-v1","entries":12,"descriptions":8,"cycle":30,"phase":"before","privateBytes":27975680,"workingSetBytes":40243200,"handles":201,"gdi":4,"user":4}
{"fixture":"dxui-menu-resource-scaling-v1","entries":12,"descriptions":8,"cycle":30,"phase":"rendered","privateBytes":27975680,"workingSetBytes":41156608,"handles":205,"gdi":4,"user":5}
{"fixture":"dxui-menu-resource-scaling-v1","entries":12,"descriptions":8,"cycle":30,"phase":"closed","privateBytes":25182208,"workingSetBytes":39333888,"handles":201,"gdi":4,"user":4}
{"fixture":"dxui-menu-resource-scaling-v1","entries":12,"descriptions":12,"cycle":30,"phase":"before","privateBytes":25247744,"workingSetBytes":39366656,"handles":201,"gdi":4,"user":4}
{"fixture":"dxui-menu-resource-scaling-v1","entries":12,"descriptions":12,"cycle":30,"phase":"rendered","privateBytes":29143040,"workingSetBytes":40775680,"handles":205,"gdi":4,"user":5}
{"fixture":"dxui-menu-resource-scaling-v1","entries":12,"descriptions":12,"cycle":30,"phase":"closed","privateBytes":29278208,"workingSetBytes":40951808,"handles":201,"gdi":4,"user":4}
{"fixture":"dxui-menu-resource-scaling-v1","entries":24,"descriptions":0,"cycle":30,"phase":"before","privateBytes":29278208,"workingSetBytes":40955904,"handles":201,"gdi":4,"user":4}
{"fixture":"dxui-menu-resource-scaling-v1","entries":24,"descriptions":0,"cycle":30,"phase":"rendered","privateBytes":28647424,"workingSetBytes":40648704,"handles":205,"gdi":4,"user":5}
{"fixture":"dxui-menu-resource-scaling-v1","entries":24,"descriptions":0,"cycle":30,"phase":"closed","privateBytes":28848128,"workingSetBytes":41234432,"handles":201,"gdi":4,"user":4}
{"fixture":"dxui-menu-resource-scaling-v1","entries":24,"descriptions":24,"cycle":30,"phase":"before","privateBytes":28913664,"workingSetBytes":41304064,"handles":201,"gdi":4,"user":4}
{"fixture":"dxui-menu-resource-scaling-v1","entries":24,"descriptions":24,"cycle":30,"phase":"rendered","privateBytes":29339648,"workingSetBytes":41148416,"handles":205,"gdi":4,"user":5}
{"fixture":"dxui-menu-resource-scaling-v1","entries":24,"descriptions":24,"cycle":30,"phase":"closed","privateBytes":28680192,"workingSetBytes":40497152,"handles":201,"gdi":4,"user":4}
{"fixture":"dxui-menu-resource-scaling-v1","entries":48,"descriptions":0,"cycle":30,"phase":"before","privateBytes":28680192,"workingSetBytes":40497152,"handles":201,"gdi":4,"user":4}
{"fixture":"dxui-menu-resource-scaling-v1","entries":48,"descriptions":0,"cycle":30,"phase":"rendered","privateBytes":26746880,"workingSetBytes":39919616,"handles":205,"gdi":4,"user":5}
{"fixture":"dxui-menu-resource-scaling-v1","entries":48,"descriptions":0,"cycle":30,"phase":"closed","privateBytes":26816512,"workingSetBytes":39981056,"handles":201,"gdi":4,"user":4}
{"fixture":"dxui-menu-resource-scaling-v1","entries":48,"descriptions":48,"cycle":30,"phase":"before","privateBytes":26816512,"workingSetBytes":40001536,"handles":201,"gdi":4,"user":4}
{"fixture":"dxui-menu-resource-scaling-v1","entries":48,"descriptions":48,"cycle":30,"phase":"rendered","privateBytes":32206848,"workingSetBytes":41873408,"handles":205,"gdi":4,"user":5}
{"fixture":"dxui-menu-resource-scaling-v1","entries":48,"descriptions":48,"cycle":30,"phase":"closed","privateBytes":32124928,"workingSetBytes":41832448,"handles":201,"gdi":4,"user":4}
{"fixture":"dxui-menu-resource-scaling-v1","entries":12,"descriptions":0,"cycle":31,"phase":"before","privateBytes":32124928,"workingSetBytes":41832448,"handles":201,"gdi":4,"user":4}
{"fixture":"dxui-menu-resource-scaling-v1","entries":12,"descriptions":0,"cycle":31,"phase":"rendered","privateBytes":30146560,"workingSetBytes":39972864,"handles":205,"gdi":4,"user":5}
{"fixture":"dxui-menu-resource-scaling-v1","entries":12,"descriptions":0,"cycle":31,"phase":"closed","privateBytes":30273536,"workingSetBytes":40112128,"handles":201,"gdi":4,"user":4}
{"fixture":"dxui-menu-resource-scaling-v1","entries":48,"descriptions":48,"cycle":31,"phase":"before","privateBytes":30273536,"workingSetBytes":40120320,"handles":201,"gdi":4,"user":4}
{"fixture":"dxui-menu-resource-scaling-v1","entries":48,"descriptions":48,"cycle":31,"phase":"rendered","privateBytes":30474240,"workingSetBytes":41320448,"handles":205,"gdi":4,"user":5}
{"fixture":"dxui-menu-resource-scaling-v1","entries":48,"descriptions":48,"cycle":31,"phase":"closed","privateBytes":30478336,"workingSetBytes":41934848,"handles":201,"gdi":4,"user":4}
{"fixture":"dxui-menu-resource-scaling-v1","entries":48,"descriptions":0,"cycle":31,"phase":"before","privateBytes":30543872,"workingSetBytes":41963520,"handles":201,"gdi":4,"user":4}
{"fixture":"dxui-menu-resource-scaling-v1","entries":48,"descriptions":0,"cycle":31,"phase":"rendered","privateBytes":29175808,"workingSetBytes":40660992,"handles":205,"gdi":4,"user":5}
{"fixture":"dxui-menu-resource-scaling-v1","entries":48,"descriptions":0,"cycle":31,"phase":"closed","privateBytes":29433856,"workingSetBytes":40976384,"handles":201,"gdi":4,"user":4}
{"fixture":"dxui-menu-resource-scaling-v1","entries":24,"descriptions":24,"cycle":31,"phase":"before","privateBytes":29499392,"workingSetBytes":41025536,"handles":201,"gdi":4,"user":4}
{"fixture":"dxui-menu-resource-scaling-v1","entries":24,"descriptions":24,"cycle":31,"phase":"rendered","privateBytes":29523968,"workingSetBytes":41275392,"handles":205,"gdi":4,"user":5}
{"fixture":"dxui-menu-resource-scaling-v1","entries":24,"descriptions":24,"cycle":31,"phase":"closed","privateBytes":26071040,"workingSetBytes":39395328,"handles":201,"gdi":4,"user":4}
{"fixture":"dxui-menu-resource-scaling-v1","entries":24,"descriptions":0,"cycle":31,"phase":"before","privateBytes":26103808,"workingSetBytes":39403520,"handles":201,"gdi":4,"user":4}
{"fixture":"dxui-menu-resource-scaling-v1","entries":24,"descriptions":0,"cycle":31,"phase":"rendered","privateBytes":28827648,"workingSetBytes":40955904,"handles":205,"gdi":4,"user":5}
{"fixture":"dxui-menu-resource-scaling-v1","entries":24,"descriptions":0,"cycle":31,"phase":"closed","privateBytes":29282304,"workingSetBytes":41365504,"handles":201,"gdi":4,"user":4}
{"fixture":"dxui-menu-resource-scaling-v1","entries":12,"descriptions":12,"cycle":31,"phase":"before","privateBytes":29315072,"workingSetBytes":41377792,"handles":201,"gdi":4,"user":4}
{"fixture":"dxui-menu-resource-scaling-v1","entries":12,"descriptions":12,"cycle":31,"phase":"rendered","privateBytes":29999104,"workingSetBytes":41955328,"handles":205,"gdi":4,"user":5}
{"fixture":"dxui-menu-resource-scaling-v1","entries":12,"descriptions":12,"cycle":31,"phase":"closed","privateBytes":30326784,"workingSetBytes":42377216,"handles":201,"gdi":4,"user":4}
{"fixture":"dxui-menu-resource-scaling-v1","entries":12,"descriptions":8,"cycle":31,"phase":"before","privateBytes":30326784,"workingSetBytes":42377216,"handles":201,"gdi":4,"user":4}
{"fixture":"dxui-menu-resource-scaling-v1","entries":12,"descriptions":8,"cycle":31,"phase":"rendered","privateBytes":29409280,"workingSetBytes":41398272,"handles":205,"gdi":4,"user":5}
{"fixture":"dxui-menu-resource-scaling-v1","entries":12,"descriptions":8,"cycle":31,"phase":"closed","privateBytes":29306880,"workingSetBytes":41291776,"handles":201,"gdi":4,"user":4}
{"fixture":"dxui-menu-resource-scaling-v1","entries":12,"descriptions":4,"cycle":31,"phase":"before","privateBytes":29306880,"workingSetBytes":41291776,"handles":201,"gdi":4,"user":4}
{"fixture":"dxui-menu-resource-scaling-v1","entries":12,"descriptions":4,"cycle":31,"phase":"rendered","privateBytes":27557888,"workingSetBytes":39919616,"handles":205,"gdi":4,"user":5}
{"fixture":"dxui-menu-resource-scaling-v1","entries":12,"descriptions":4,"cycle":31,"phase":"closed","privateBytes":28225536,"workingSetBytes":39677952,"handles":201,"gdi":4,"user":4}
{"fixture":"dxui-menu-resource-scaling-v1","entries":12,"descriptions":2,"cycle":31,"phase":"before","privateBytes":28291072,"workingSetBytes":39759872,"handles":201,"gdi":4,"user":4}
{"fixture":"dxui-menu-resource-scaling-v1","entries":12,"descriptions":2,"cycle":31,"phase":"rendered","privateBytes":30601216,"workingSetBytes":40841216,"handles":205,"gdi":4,"user":5}
{"fixture":"dxui-menu-resource-scaling-v1","entries":12,"descriptions":2,"cycle":31,"phase":"closed","privateBytes":30367744,"workingSetBytes":40673280,"handles":201,"gdi":4,"user":4}
{"fixture":"dxui-menu-resource-scaling-v1","entries":12,"descriptions":1,"cycle":31,"phase":"before","privateBytes":30105600,"workingSetBytes":40411136,"handles":201,"gdi":4,"user":4}
{"fixture":"dxui-menu-resource-scaling-v1","entries":12,"descriptions":1,"cycle":31,"phase":"rendered","privateBytes":31453184,"workingSetBytes":41873408,"handles":205,"gdi":4,"user":5}
{"fixture":"dxui-menu-resource-scaling-v1","entries":12,"descriptions":1,"cycle":31,"phase":"closed","privateBytes":31387648,"workingSetBytes":41906176,"handles":201,"gdi":4,"user":4}
    [TRACE] attached host dtor: begin
    [TRACE] attached host dtor: host detached
    [TRACE] attached host dtor: hwnd reset
[DONE] MenuResourceScaling
All DxUi tests passed.
